Section Title,Market Dynamics - a TP,Market Dynamics - a FP,Intra-Industry Competition - a TP,Intra-Industry Competition - a FP,Technology Risk - a TP,Technology Risk - a FP,Regulatory Framework - a TP,Regulatory Framework - a FP,Overall TP,Overall FP,Overall Total,Total Text Length (words),Avg Text Length (words),Prospectus Count,Text Percentage (%),Overall Risk Percentage (%),Accumulated Text Percentage (%),Accumulated Overall Risk Percentage (%)
RISK FACTORS,54,255,25,108,124,249,232,711,435,1323,1758,1145090,23369.18,49,10.26%,25.67%,10.26%,25.67%
MANAGEMENT’S DISCUSSION AND ANALYSIS OF FINANCIAL CONDITION AND RESULTS OF OPERATIONS,28,140,2,5,53,149,43,96,126,390,516,493669,20569.54,24,4.42%,7.54%,14.68%,33.21%
SUMMARY,14,27,0,1,80,136,13,66,107,230,337,348283,8930.33,39,3.12%,4.92%,17.80%,38.13%
PLAN OF DISTRIBUTION,0,0,2,22,0,0,85,189,87,211,298,158136,3765.14,42,1.42%,4.35%,19.21%,42.48%
DESCRIPTION OF THE NOTES,0,0,0,0,1,4,68,206,69,210,279,1163368,72710.50,16,10.42%,4.07%,29.63%,46.55%
INDUSTRY,1,30,0,0,22,76,1,49,24,155,179,124410,17772.86,7,1.11%,2.61%,30.74%,49.17%
BUSINESS,7,8,0,0,11,51,0,41,18,100,118,80982,16196.40,5,0.73%,1.72%,31.47%,50.89%
DESCRIPTION OF OTHER INDEBTEDNESS,0,3,0,0,0,1,31,55,31,59,90,558058,55805.80,10,5.00%,1.31%,36.47%,52.21%
CERTAIN ERISA CONSIDERATIONS,0,0,0,0,0,0,14,73,14,73,87,88118,4005.36,22,0.79%,1.27%,37.26%,53.48%
REGULATION,0,3,0,1,0,5,16,56,16,65,81,124711,31177.75,4,1.12%,1.18%,38.37%,54.66%
LIMITATIONS ON VALIDITY AND ENFORCEABILITY OF THE GUARANTEES AND CERTAIN INSOLVENCY LAW CONSIDERATIONS,0,0,0,0,0,1,0,76,0,77,77,88059,88059.00,1,0.79%,1.12%,39.16%,55.78%
DESCRIPTION OF CERTAIN FINANCING ARRANGEMENTS,0,0,0,0,0,0,4,68,4,68,72,404134,36739.45,11,3.62%,1.05%,42.78%,56.83%
CAPITALIZATION,0,2,0,0,15,1,33,19,48,22,70,261741,5816.47,45,2.34%,1.02%,45.13%,57.86%
INDUSTRY AND MARKET DATA,10,1,0,4,1,21,2,22,13,48,61,23982,1498.88,16,0.21%,0.89%,45.34%,58.75%
DESCRIPTION OF NOTES,0,0,0,0,1,0,25,29,26,29,55,413305,45922.78,9,3.70%,0.80%,49.04%,59.55%
CERTAIN LIMITATIONS ON THE VALIDITY AND THE ENFORCEABILITY OF THE GUARANTEES AND THE SECURITY INTERESTS AND CERTAIN INSOLVENCY LAW CONSIDERATIONS,1,0,0,0,0,1,0,52,1,53,54,40486,40486.00,1,0.36%,0.79%,49.40%,60.34%
TRANSFER RESTRICTIONS,0,0,0,1,0,0,7,44,7,45,52,88043,2667.97,33,0.79%,0.76%,50.19%,61.10%
OUR BUSINESS,0,2,0,0,25,0,22,0,47,2,49,22617,22617.00,1,0.20%,0.72%,50.40%,61.81%
LIMITATIONS ON VALIDITY AND ENFORCEABILITY OF THE GUARANTEES AND THE SECURITY INTERESTS AND CERTAIN INSOLVENCY LAW CONSIDERATIONS,0,0,0,0,0,0,0,47,0,47,47,66732,66732.00,1,0.60%,0.69%,50.99%,62.50%
WHERE YOU CAN FIND MORE INFORMATION,5,1,0,2,0,11,2,25,7,39,46,206957,12934.81,16,1.85%,0.67%,52.85%,63.17%
CERTAIN TAX CONSIDERATIONS,0,0,0,0,0,0,7,38,7,38,45,67294,11215.67,6,0.60%,0.66%,53.45%,63.83%
FORWARD-LOOKING STATEMENTS,2,11,0,0,4,8,5,13,11,32,43,23909,1406.41,17,0.21%,0.63%,53.66%,64.46%
STABILIZATION,0,0,1,5,0,0,0,36,1,41,42,16472,2353.14,7,0.15%,0.61%,53.81%,65.07%
LIMITATIONS ON VALIDITY AND ENFORCEABILITY OF THE SECURITY AND THE GUARANTEES AND CERTAIN INSOLVENCY LAW CONSIDERATIONS,0,0,0,0,0,1,0,41,0,42,42,94250,94250.00,1,0.84%,0.61%,54.66%,65.68%
REGULATORY ENVIRONMENT,0,3,0,1,5,6,0,26,5,36,41,14846,7423.00,2,0.13%,0.60%,54.79%,66.28%
STABLE UTILIZATION RATES OF DACH PARTICLEBOARD** **INDUSTRY EBITDA MARGINS FOLLOWING CAPACITY REDUCTIONS** **SIGNIGICANTLY INCREASED,8,0,0,0,0,14,0,19,8,33,41,56195,56195.00,1,0.50%,0.60%,55.29%,66.88%
IMPORTANT NOTICE,0,0,0,0,0,0,11,27,11,27,38,23593,2949.12,8,0.21%,0.55%,55.50%,67.44%
REGULATORY MATTERS,0,0,1,0,0,2,0,34,1,36,37,8424,8424.00,1,0.08%,0.54%,55.58%,67.98%
WHERE PROSPECTIVE INVESTORS CAN FIND MORE INFORMATION,0,3,0,0,0,3,31,0,31,6,37,126632,126632.00,1,1.13%,0.54%,56.71%,68.52%
CERTAIN U.S. FEDERAL INCOME TAX CONSIDERATIONS,0,0,0,0,0,0,11,25,11,25,36,43554,3111.00,14,0.39%,0.53%,57.10%,69.04%
TAXATION,0,0,0,0,0,0,17,18,17,18,35,19019,4754.75,4,0.17%,0.51%,57.27%,69.55%
LITIGATION,0,0,2,0,1,0,32,0,35,0,35,14448,14448.00,1,0.13%,0.51%,57.40%,70.06%
IMPORTANT INFORMATION ABOUT THIS OFFERING MEMORANDUM,0,0,0,1,0,0,20,13,20,14,34,26742,5348.40,5,0.24%,0.50%,57.64%,70.56%
MANAGEMENT’S DISCUSSION AND ANALYSIS OF FINANCIAL CONDITION AND RESULTS OF OPERATIONS OF SIGURA,8,0,0,0,0,17,0,7,8,24,32,16845,16845.00,1,0.15%,0.47%,57.79%,71.03%
DESCRIPTION OF CERTAIN OTHER INDEBTEDNESS,0,0,0,0,0,1,0,29,0,30,30,170488,28414.67,6,1.53%,0.44%,59.32%,71.47%
INDEPENDENT AUDITORS,0,2,2,0,0,3,0,21,2,26,28,40049,1820.41,22,0.36%,0.41%,59.68%,71.87%
CERTAIN UNITED STATES FEDERAL INCOME TAX CONSIDERATIONS,0,0,0,0,0,0,3,25,3,25,28,20718,3453.00,6,0.19%,0.41%,59.86%,72.28%
3.** **CAPITAL MANAGEMENT,0,5,0,0,0,8,0,15,0,28,28,43602,43602.00,1,0.39%,0.41%,60.25%,72.69%
CERTAIN INSOLVENCY LAW CONSIDERATIONS AND LIMITATIONS ON THE VALIDITY AND ENFORCEABILITY OF THE GUARANTEES AND THE SECURITY INTERESTS,0,0,0,2,0,0,0,25,0,27,27,21080,21080.00,1,0.19%,0.39%,60.44%,73.09%
CERTAIN INSOLVENCY LAW CONSIDERATIONS AND LIMITATIONS ON THE VALIDITY AND ENFORCEABILITY OF THE SUBSIDIARY GUARANTEES AND SECURITY INTERESTS,1,0,0,0,0,1,0,25,1,26,27,51158,51158.00,1,0.46%,0.39%,60.90%,73.48%
"MORE FLEXIBILITY, TIME SAVING,AND A PERCEIVED FASTER CAREER PATH ARE KEY ATTRACTION POINTS FOR ONLINE",0,0,0,0,0,15,12,0,12,15,27,20709,20709.00,1,0.19%,0.39%,61.09%,73.88%
THE OFFERING,0,4,0,0,0,3,5,14,5,21,26,100235,3456.38,29,0.90%,0.38%,61.98%,74.26%
SUMMARY HISTORICAL FINANCIAL INFORMATION AND OTHER DATA,0,0,1,0,9,0,0,16,10,16,26,12384,6192.00,2,0.11%,0.38%,62.10%,74.63%
COVID-19,0,2,0,0,0,17,0,6,0,25,25,21562,21562.00,1,0.19%,0.37%,62.29%,75.00%
NOTICE TO INVESTORS,0,0,1,2,0,0,7,14,8,16,24,40193,1826.95,22,0.36%,0.35%,62.65%,75.35%
LTIP 2019,0,2,1,0,0,6,0,15,1,23,24,26919,26919.00,1,0.24%,0.35%,62.89%,75.70%
SUBSCRIPTION AND SALE,0,0,0,0,0,0,17,7,17,7,24,9250,3083.33,3,0.08%,0.35%,62.97%,76.05%
OFFERING CIRCULAR SUMMARY,0,2,0,0,0,18,0,4,0,24,24,12794,6397.00,2,0.11%,0.35%,63.09%,76.40%
LIMITATIONS ON VALIDITY AND ENFORCEABILITY OF THE GUARANTEES,0,0,0,0,0,0,24,0,24,0,24,38140,38140.00,1,0.34%,0.35%,63.43%,76.75%
BOOK ENTRY; DELIVERY AND FORM,0,0,0,0,0,3,7,12,7,15,22,17672,3534.40,5,0.16%,0.32%,63.59%,77.07%
LTIP 2020,0,2,1,0,0,4,0,15,1,21,22,27654,27654.00,1,0.25%,0.32%,63.83%,77.39%
LIMITATIONS ON VALIDITY AND ENFORCEABILITY OF THE SECURITY AND THE GUARANTEES,0,0,0,0,0,0,22,0,22,0,22,22709,22709.00,1,0.20%,0.32%,64.04%,77.72%
DESCRIPTION OF THE SENIOR SECURED NOTES,0,0,0,0,0,0,0,22,0,22,22,167502,167502.00,1,1.50%,0.32%,65.54%,78.04%
OUR STRENGTHS,0,8,0,1,5,6,0,1,5,16,21,25618,12809.00,2,0.23%,0.31%,65.77%,78.34%
LIMITATIONS ON VALIDITY AND ENFORCEABILITY OF ANY NOTES GUARANTEES AND THE COLLATERAL AND CERTAIN INSOLVENCY LAW CONSIDERATIONS,0,0,0,0,0,0,21,0,21,0,21,21127,21127.00,1,0.19%,0.31%,65.96%,78.65%
"BOOK ENTRY, DELIVERY AND FORM",0,0,0,0,4,2,5,9,9,11,20,22192,3698.67,6,0.20%,0.29%,66.16%,78.94%
(IN MILLIONS),0,2,0,0,0,4,0,14,0,20,20,27010,27010.00,1,0.24%,0.29%,66.40%,79.23%
I-LOGIC TECHNOLOGIES BIDCO LIMITED COMPANY INFORMATION,0,3,0,0,6,0,0,10,6,13,19,11835,11835.00,1,0.11%,0.28%,66.50%,79.51%
KEY INCOME STATEMENT ITEMS,0,17,0,0,0,0,0,1,0,18,18,36677,18338.50,2,0.33%,0.26%,66.83%,79.78%
CERTAIN INSOLVENCY CONSIDERATIONS AND LIMITATIONS ON THE VALIDITY AND ENFORCEABILITY OF THE NOTES GUARANTEES AND THE SECURITY INTERESTS,0,0,0,0,0,0,0,18,0,18,18,11995,11995.00,1,0.11%,0.26%,66.94%,80.04%
LIABILITIES AND STOCKHOLDERS’ EQUITY,0,6,0,1,2,0,0,8,2,15,17,32576,32576.00,1,0.29%,0.25%,67.23%,80.29%
KEY FACTORS AFFECTING OUR RESULTS OF OPERATIONS,0,9,0,0,1,1,0,6,1,16,17,17748,8874.00,2,0.16%,0.25%,67.39%,80.53%
CASH FLOWS FROM FINANCING ACTIVITIES:,0,4,0,0,0,4,0,9,0,17,17,32170,32170.00,1,0.29%,0.25%,67.68%,80.78%
SERVICE OF PROCESS AND ENFORCEMENT OF JUDGMENTS,1,0,0,1,0,0,0,14,1,15,16,79044,19761.00,4,0.71%,0.23%,68.39%,81.02%
IMPORTANT INFORMATION,0,0,0,1,0,0,0,15,0,16,16,15928,3185.60,5,0.14%,0.23%,68.53%,81.25%
LIABILITIES AND EQUITY,4,0,0,0,0,3,0,9,4,12,16,30843,15421.50,2,0.28%,0.23%,68.80%,81.48%
CERTAIN INSOLVENCY LAW CONSIDERATIONS AND LIMITATIONS ON THE VALIDITY AND ENFORCEABILITY OF THE SENIOR SECURED NOTES GUARANTEES AND SECURITY INTERESTS,0,0,0,1,0,0,0,15,0,16,16,19733,19733.00,1,0.18%,0.23%,68.98%,81.72%
NOTES TO CONSOLIDATED FINANCIAL STATEMENTS 1.** **BASIS OF PRESENTATION,0,1,0,0,5,0,0,9,5,10,15,19920,19920.00,1,0.18%,0.22%,69.16%,81.94%
DESCRIPTION OF CERTAIN FINANCING AND GUARANTEE ARRANGEMENTS,0,0,0,0,0,1,0,14,0,15,15,110343,110343.00,1,0.99%,0.22%,70.15%,82.16%
UNITED KINGDOM,0,0,0,0,0,0,0,15,0,15,15,14650,7325.00,2,0.13%,0.22%,70.28%,82.37%
PRINCIPAL STOCKHOLDERS,0,0,0,0,0,0,0,15,0,15,15,62960,62960.00,1,0.56%,0.22%,70.84%,82.59%
ACURIS INTERNATIONAL LIMITED COMPANY INFORMATION,0,0,0,1,6,0,0,8,6,9,15,8762,8762.00,1,0.08%,0.22%,70.92%,82.81%
PRESENTATION OF INDUSTRY AND MARKET DATA,1,4,1,2,0,6,0,0,2,12,14,9598,1919.60,5,0.09%,0.20%,71.01%,83.02%
IMPORTANT INFORMATION FOR INVESTORS,0,0,0,1,0,0,3,10,3,11,14,7092,2364.00,3,0.06%,0.20%,71.07%,83.22%
DESCRIPTION OF SECURED NOTES,0,0,0,0,0,0,0,14,0,14,14,87933,87933.00,1,0.79%,0.20%,71.86%,83.43%
LEGAL MATTERS,0,1,0,0,0,1,2,9,2,11,13,36537,830.39,44,0.33%,0.19%,72.19%,83.62%
NOTES TO CONDENSED CONSOLIDATED FINANCIAL STATEMENTS 1.** **BASIS OF PRESENTATION,0,1,0,1,5,0,0,6,5,8,13,10642,10642.00,1,0.10%,0.19%,72.28%,83.81%
INDEX TO THE FINANCIAL STATEMENTS,0,5,0,0,0,5,0,3,0,13,13,24522,8174.00,3,0.22%,0.19%,72.50%,84.00%
KEY MARKET DEVELOPMENTS,0,8,0,2,1,2,0,0,1,12,13,4012,2006.00,2,0.04%,0.19%,72.54%,84.19%
INDUSTRY AND MARKET OVERVIEW,0,2,0,0,7,0,4,0,11,2,13,4544,4544.00,1,0.04%,0.19%,72.58%,84.38%
CONSOLIDATED STATEMENTS OF COMPREHENSIVE INCOME,5,0,0,0,0,1,0,7,5,8,13,83252,83252.00,1,0.75%,0.19%,73.32%,84.56%
INDEPENDENT ACCOUNTANTS,0,1,0,0,0,0,11,0,11,1,12,32967,8241.75,4,0.30%,0.18%,73.62%,84.74%
CERTAIN RELATIONSHIPS AND RELATED PARTY TRANSACTIONS,0,0,0,0,1,0,0,11,1,11,12,197459,16454.92,12,1.77%,0.18%,75.39%,84.92%
REPORT OF INDEPENDENT REGISTERED PUBLIC ACCOUNTING FIRM,0,3,0,0,2,0,0,7,2,10,12,21011,21011.00,1,0.19%,0.18%,75.57%,85.09%
CERTAIN INSOLVENCY LAW CONSIDERATIONS AND LIMITATIONS ON THE VALIDITY AND ENFORCEABILITY OF THE GUARANTEES,0,0,0,0,0,0,12,0,12,0,12,12034,12034.00,1,0.11%,0.18%,75.68%,85.27%
TELECOMMUNICATION REGULATORY FRAMEWORK IN BRAZIL,0,0,0,0,3,0,9,0,12,0,12,2327,2327.00,1,0.02%,0.18%,75.70%,85.44%
POLAND,0,0,0,0,0,0,0,12,0,12,12,4304,2152.00,2,0.04%,0.18%,75.74%,85.62%
CERTAIN INSOLVENCY LAW CONSIDERATIONS,0,0,0,0,0,0,0,12,0,12,12,7972,7972.00,1,0.07%,0.18%,75.81%,85.79%
"STABILIZATION IN** **CONNECTION** **WITH** **THIS** **OFFERING,** **CREDIT** **SUISSE** **SECURITIES** **(EUROPE) LIMITED (THE “STABILIZATION MANAGER”) (OR PERSON(S) ACTING ON BEHALF OF THE STABILIZATION MANAGER), MAY OVER-ALLOT NOTES OR EFFECT TRANSACTIONS WITH A",0,0,0,0,0,0,0,12,0,12,12,2828,2828.00,1,0.03%,0.18%,75.84%,85.97%
DESCRIPTION OF UNSECURED NOTES,0,0,0,0,0,0,0,12,0,12,12,67060,67060.00,1,0.60%,0.18%,76.44%,86.14%
CONSTANTIN ASSOCIES,0,4,0,0,0,1,0,6,0,11,11,41399,41399.00,1,0.37%,0.16%,76.81%,86.30%
TABLE OF CONTENTS,0,0,0,0,0,0,2,9,2,9,11,22179,1386.19,16,0.20%,0.16%,77.01%,86.46%
DESCRIPTION OF TIM,0,3,0,0,5,0,3,0,8,3,11,5299,5299.00,1,0.05%,0.16%,77.06%,86.62%
U.S. FEDERAL INCOME TAX CONSIDERATIONS,0,0,0,0,0,0,0,11,0,11,11,6684,3342.00,2,0.06%,0.16%,77.12%,86.78%
WACC,0,2,0,1,0,2,0,6,0,11,11,72945,72945.00,1,0.65%,0.16%,77.77%,86.95%
"ONLINE UNIVERSITIES ARE CONSIDERED AS SIMILAR, IF NOT BETTER, THAN TRADITIONAL ONES FOR QUALITY OF TEACHING",0,0,0,0,0,7,4,0,4,7,11,7489,7489.00,1,0.07%,0.16%,77.84%,87.11%
CERTAIN ITALIAN TAX CONSIDERATIONS,0,0,0,0,0,0,11,0,11,0,11,7001,7001.00,1,0.06%,0.16%,77.90%,87.27%
MANAGEMENT'S DISCUSSION AND ANALYSIS OF FINANCIAL CONDITION AND RESULTS OF OPERATIONS,7,0,0,0,0,2,0,1,7,3,10,18432,18432.00,1,0.17%,0.15%,78.06%,87.41%
CERTAIN LIMITATIONS ON VALIDITY AND ENFORCEABILITY OF THE NOTE GUARANTEES AND THE COLLATERAL AND CERTAIN INSOLVENCY LAW CONSIDERATIONS,0,0,0,0,0,0,0,10,0,10,10,9991,9991.00,1,0.09%,0.15%,78.15%,87.56%
INFORMATION REGARDING FORWARD-LOOKING STATEMENTS,0,3,0,0,1,2,2,2,3,7,10,9826,3275.33,3,0.09%,0.15%,78.24%,87.70%
INDUSTRY FUNDAMENTALS AND DRIVERS,0,6,0,0,2,2,0,0,2,8,10,1792,896.00,2,0.02%,0.15%,78.26%,87.85%
F.** **DISCLOSURES AND EXPLANATIONS ON INDIVIDUAL LINE ITEMS IN THE CONSOLIDATED BALANCE SHEET AND CONSOLIDATED INCOME STATEMENT,0,1,0,0,0,0,0,9,0,10,10,36026,18013.00,2,0.32%,0.15%,78.58%,88.00%
UNDERWRITING,0,0,0,1,0,0,0,9,0,10,10,3037,3037.00,1,0.03%,0.15%,78.61%,88.14%
IN THE UNITED STATES,0,1,0,0,0,1,0,8,0,10,10,3213,3213.00,1,0.03%,0.15%,78.64%,88.29%
"TOTAL NON-CURRENT LIABILITIES . . . . . . . . . . . . . . . . . . . . . . . . . . . . . . . .** **138,7",0,6,0,0,0,1,0,2,0,9,9,29635,29635.00,1,0.27%,0.13%,78.90%,88.42%
CAUTIONARY STATEMENT REGARDING FORWARD-LOOKING STATEMENTS,1,2,0,0,0,3,1,2,2,7,9,4194,1048.50,4,0.04%,0.13%,78.94%,88.55%
DESCRIPTION OF EURO NOTES,0,0,0,0,0,1,0,8,0,9,9,20024,20024.00,1,0.18%,0.13%,79.12%,88.68%
CAUTIONARY NOTE REGARDING FORWARD-LOOKING STATEMENTS,0,2,0,1,2,1,0,3,2,7,9,4913,1637.67,3,0.04%,0.13%,79.16%,88.81%
AVAILABLE INFORMATION,0,0,0,0,1,0,1,7,2,7,9,10770,828.46,13,0.10%,0.13%,79.26%,88.95%
CERTAIN UNITED STATES FEDERAL INCOME TAX CONSEQUENCES,0,0,0,0,0,0,5,4,5,4,9,6292,3146.00,2,0.06%,0.13%,79.32%,89.08%
INDUSTRY OVERVIEW,2,0,0,1,0,3,0,3,2,7,9,11241,11241.00,1,0.10%,0.13%,79.42%,89.21%
MANAGEMENT’S DISCUSSION AND ANALYSIS OF FINANCIAL CONDITION AND RESULTS OF OPERATIONS OF THE COMBINED COMPANY,0,4,0,0,0,3,0,2,0,9,9,3977,3977.00,1,0.04%,0.13%,79.45%,89.34%
"THE NOTES MAY NOT BE OFFERED TO THE PUBLIC IN ANY JURISDICTION. BY ACCEPTING DELIVERY OF THIS OFFERING MEMORANDUM, YOU AGREE NOT TO OFFER, SELL, RESELL, TRANSFER OR DELIVER, DIRECTLY OR INDIRECTLY, ANY NOTES TO THE PUBLIC. NOTICE TO CANADIAN INVESTORS",0,0,0,0,0,0,9,0,9,0,9,2032,2032.00,1,0.02%,0.13%,79.47%,89.47%
MANAGEMENT’S DISCUSSION AND ANALYSIS OF FINANCIAL CONDITION AND RESULTS OF OPERATIONS OF SOLENIS,4,0,0,2,0,3,0,0,4,5,9,15510,15510.00,1,0.14%,0.13%,79.61%,89.60%
NOTICE TO U.S. INVESTORS,0,0,0,0,0,0,8,1,8,1,9,2668,1334.00,2,0.02%,0.13%,79.63%,89.73%
INDEPENDENT REGISTERED PUBLIC ACCOUNTING FIRM,0,0,0,0,3,0,0,5,3,5,8,9804,700.29,14,0.09%,0.12%,79.72%,89.85%
DELOITTE & ASSOCIES,0,3,0,0,0,0,0,5,0,8,8,25826,25826.00,1,0.23%,0.12%,79.95%,89.97%
FATCA,0,0,0,0,0,0,3,5,3,5,8,2875,410.71,7,0.03%,0.12%,79.98%,90.08%
DISCLOSURE REGARDING FORWARD-LOOKING STATEMENTS,0,3,0,0,0,1,2,2,2,6,8,4214,842.80,5,0.04%,0.12%,80.02%,90.20%
TERMS AND CONDITIONS OF THE NOTES,0,0,0,0,0,0,1,7,1,7,8,54053,18017.67,3,0.48%,0.12%,80.50%,90.32%
DESCRIPTION OF SENIOR SECURED NOTES,0,0,0,0,0,0,0,8,0,8,8,37269,37269.00,1,0.33%,0.12%,80.83%,90.44%
SUSTAINABILITY FOCUS; RESEARCH AND DEVELOPMENT,0,2,0,2,1,1,0,2,1,7,8,2655,1327.50,2,0.02%,0.12%,80.86%,90.55%
MANAGEMENT’S DISCUSSION AND ANALYSIS OF FINANCIAL CONDITION AND RESULTS OF OPERATIONS - ALLIANCE,0,5,0,0,0,1,0,2,0,8,8,9597,9597.00,1,0.09%,0.12%,80.94%,90.67%
THE TRANSACTIONS,0,0,0,0,0,0,0,8,0,8,8,4018,4018.00,1,0.04%,0.12%,80.98%,90.79%
ASSETS,0,0,0,1,0,2,0,5,0,8,8,43555,14518.33,3,0.39%,0.12%,81.37%,90.90%
OFFERING MEMORANDUM SUMMARY,0,5,0,0,0,1,2,0,2,6,8,6396,3198.00,2,0.06%,0.12%,81.43%,91.02%
V** **- NOTES TO THE CONSOLIDATED FINANCIAL STATEMENTS,0,2,0,0,0,3,0,3,0,8,8,14301,14301.00,1,0.13%,0.12%,81.55%,91.14%
DESCRIPTION OF DOLLAR NOTES,0,0,0,0,0,0,0,7,0,7,7,18205,18205.00,1,0.16%,0.10%,81.72%,91.24%
NOTES TO COMBINED FINANCIAL STATEMENTS,0,3,0,0,0,0,0,4,0,7,7,10014,10014.00,1,0.09%,0.10%,81.81%,91.34%
MANAGEMENT’S DISCUSSION AND ANALYSIS OF FINANCIAL CONDITION AND RESULTS OF OPERATIONS OF LABL,0,4,0,0,0,1,0,2,0,7,7,6131,6131.00,1,0.05%,0.10%,81.86%,91.44%
MANAGEMENT’S DISCUSSION AND ANALYSIS OF FINANCIAL CONDITION AND RESULTS OF OPERATIONS OF FORT DEARBORN,0,3,0,0,0,2,0,2,0,7,7,7545,7545.00,1,0.07%,0.10%,81.93%,91.54%
INDEPENDENT AUDITORS’ REVIEW REPORT,0,1,0,0,0,2,0,4,0,7,7,12242,12242.00,1,0.11%,0.10%,82.04%,91.65%
CANADIAN RESALE RESTRICTIONS,0,0,0,0,0,0,0,7,0,7,7,3051,3051.00,1,0.03%,0.10%,82.07%,91.75%
CERTAIN INSOLVENCY LAW AND LOCAL LAW LIMITATIONS,0,0,0,0,0,0,7,0,7,0,7,7357,7357.00,1,0.07%,0.10%,82.13%,91.85%
SPECIAL NOTE REGARDING FORWARD-LOOKING STATEMENTS,0,1,0,0,1,1,2,1,3,3,6,4679,1559.67,3,0.04%,0.09%,82.17%,91.94%
MARKET AND INDUSTRY DATA,0,2,0,2,1,0,1,0,2,4,6,2805,701.25,4,0.03%,0.09%,82.20%,92.03%
COMPLIANCE RISKS,0,0,0,0,2,0,4,0,6,0,6,1131,1131.00,1,0.01%,0.09%,82.21%,92.11%
END-MARKETS DYNAMICS,0,4,0,0,1,1,0,0,1,5,6,2602,1301.00,2,0.02%,0.09%,82.23%,92.20%
MANAGEMENT’S DISCUSSION AND ANALYSIS OF FINANCIAL CONDITION AND RESULTS OF OPERATIONS - AKUMIN,0,4,0,0,0,1,0,1,0,6,6,8843,8843.00,1,0.08%,0.09%,82.31%,92.29%
CONTENTS,0,0,0,0,0,0,1,5,1,5,6,21840,5460.00,4,0.20%,0.09%,82.51%,92.38%
CERTAIN LIMITATIONS ON THE VALIDITY AND ENFORCEABILITY OF THE NOTES GUARANTEE AND THE COLLATERAL,0,0,0,0,0,0,0,6,0,6,6,6889,6889.00,1,0.06%,0.09%,82.57%,92.46%
EXPLANATION OF EFFECT ON VALUE OF INVESTMENT,0,0,0,0,3,0,0,3,3,3,6,5768,5768.00,1,0.05%,0.09%,82.62%,92.55%
"STABILIZATION IN CONNECTION WITH THIS OFFERING, GOLDMAN SACHS BANK EUROPE SE (THE “STABILIZATION MANAGER”) OR ANY PERSONS ACTING ON ITS BEHALF IT MAY OVER- ALLOT NOTES OR EFFECT TRANSACTIONS WITH A VIEW TO SUPPORTING THE MARKET PRICE OF THE NOTES AT A LEVEL HIGHER THAN THAT WHICH MIGHT NOT OTHERWISE",0,0,0,0,0,0,0,6,0,6,6,5246,5246.00,1,0.05%,0.09%,82.67%,92.64%
NON-GAAP FINANCIAL MEASURES,0,0,0,0,0,0,1,4,1,4,5,9671,644.73,15,0.09%,0.07%,82.75%,92.71%
EBITDA,2,0,0,0,0,1,0,2,2,3,5,11221,11221.00,1,0.10%,0.07%,82.85%,92.79%
NOTICE TO PROSPECTIVE U.S. INVESTORS,0,0,0,0,0,0,0,5,0,5,5,1555,1555.00,1,0.01%,0.07%,82.87%,92.86%
REGULATION 1.** **THE EU REGULATORY FRAMEWORK,0,0,0,0,2,0,3,0,5,0,5,1375,1375.00,1,0.01%,0.07%,82.88%,92.93%
OVERVIEW,0,0,0,0,1,1,0,3,1,4,5,5458,1819.33,3,0.05%,0.07%,82.93%,93.01%
IMPORTANT INFORMATION YOU MUST READ THE FOLLOWING DISCLAIMER BEFORE CONTINUING. THE FOLLOWING APPLIES TO THIS,0,0,0,0,0,0,0,5,0,5,5,3755,3755.00,1,0.03%,0.07%,82.96%,93.08%
EQUITY AND LIABILITIES,0,0,0,0,5,0,0,0,5,0,5,184828,184828.00,1,1.66%,0.07%,84.62%,93.15%
PROVISIONS RELATING TO THE NOTES WHILE REPRESENTED BY THE GLOBAL NOTES,0,0,0,0,0,0,5,0,5,0,5,5590,5590.00,1,0.05%,0.07%,84.67%,93.22%
"TOTAL ASSETS** **341,828",0,0,0,1,0,1,0,3,0,5,5,15076,15076.00,1,0.14%,0.07%,84.80%,93.30%
WHERE YOU CAN FIND ADDITIONAL INFORMATION AND INCORPORATION BY REFERENCE,0,0,0,0,0,2,0,3,0,5,5,8231,4115.50,2,0.07%,0.07%,84.88%,93.37%
DESCRIPTION OF CERTAIN FINANCING ARRANGEMENTS[129],0,0,0,0,0,0,5,0,5,0,5,15455,15455.00,1,0.14%,0.07%,85.02%,93.44%
LIABILITIES AND STOCKHOLDERS’ DEFICIT,1,0,0,0,0,0,0,4,1,4,5,4724,4724.00,1,0.04%,0.07%,85.06%,93.52%
DESCRIPTION OF OTHER INDEBTEDNESS OF VODAFONEZIGGO,0,0,0,0,0,0,0,5,0,5,5,16966,16966.00,1,0.15%,0.07%,85.21%,93.59%
(MSEK)** **2019,0,1,0,0,0,2,0,2,0,5,5,44558,44558.00,1,0.40%,0.07%,85.61%,93.66%
"THE SECURITIES OFFERED HEREBY HAVE NOT BEEN RECOMMENDED BY ANY UNITED STATES FEDERAL OR STATE SECURITIES COMMISSION OR REGULATORY AUTHORITY. FURTHERMORE, THE FOREGOING AUTHORITIES HAVE NOT CONFIRMED THE ACCURACY OR DETERMINED THE ADEQUACY OF THIS DOCUMENT. ANY REPRESENTATION TO THE CONTRARY IS A CRIMINAL OFFENSE. THERE ARE NO REGISTRATION RIGHTS ASSOCIATED WITH THE NOTES OR THE GUARANTEES.",0,1,0,0,1,0,0,2,1,3,4,2450,2450.00,1,0.02%,0.06%,85.63%,93.72%
SUMMARY CONSOLIDATED FINANCIAL AND OTHER INFORMATION,1,1,0,0,0,1,0,1,1,3,4,24544,4908.80,5,0.22%,0.06%,85.85%,93.78%
OUR COMPANY,0,1,0,0,1,2,0,0,1,3,4,2358,786.00,3,0.02%,0.06%,85.87%,93.84%
WHERE YOU CAN FIND ADDITIONAL INFORMATION,0,1,0,0,0,1,2,0,2,2,4,52876,13219.00,4,0.47%,0.06%,86.35%,93.90%
CLIMATE** **CIRCULAR** **BUILDING** **SUSTAINABLE SUPPLY ACTION** **SOLUTIONS** **TRUST** **CHAIN,0,0,1,0,0,0,0,3,1,3,4,6165,6165.00,1,0.06%,0.06%,86.40%,93.95%
SERVICE OF PROCESS AND ENFORCEMENT OF CIVIL LIABILITIES,0,0,0,0,0,0,0,4,0,4,4,10392,2078.40,5,0.09%,0.06%,86.49%,94.01%
APPLICABLE FINAL TERMS,0,0,0,0,0,0,4,0,4,0,4,1429,1429.00,1,0.01%,0.06%,86.51%,94.07%
4.** **MERGERS AND SIMILAR EVENTS,0,0,0,0,0,0,4,0,4,0,4,8692,8692.00,1,0.08%,0.06%,86.58%,94.13%
4.** **WHOLESALE MARKETS,0,0,0,0,0,0,4,0,4,0,4,1281,1281.00,1,0.01%,0.06%,86.60%,94.19%
GLOSSARY OF TECHNICAL TERMS,0,0,0,0,2,0,0,2,2,2,4,123332,61666.00,2,1.10%,0.06%,87.70%,94.25%
CAUTIONARY STATEMENT ABOUT FORWARD-LOOKING STATEMENTS,0,1,0,0,1,1,0,1,1,3,4,2925,1462.50,2,0.03%,0.06%,87.73%,94.30%
CERTAIN CONSIDERATIONS FOR BENEFIT PLAN INVESTORS,0,0,0,0,0,0,0,4,0,4,4,1824,1824.00,1,0.02%,0.06%,87.74%,94.36%
MARKET AND COMPETITIVE LANDSCAPE,0,0,0,0,1,1,0,2,1,3,4,1683,841.50,2,0.02%,0.06%,87.76%,94.42%
BUSINESS OUR COMPANY,0,2,0,0,1,1,0,0,1,3,4,2054,1027.00,2,0.02%,0.06%,87.78%,94.48%
CERTAIN CANADIAN FEDERAL INCOME TAX CONSIDERATIONS,0,0,0,0,0,0,0,4,0,4,4,4615,2307.50,2,0.04%,0.06%,87.82%,94.54%
DIFFERENTIATED COMBINATION OF SCALE & PREMIUM POSITIONING,0,0,1,0,0,2,0,1,1,3,4,894,894.00,1,0.01%,0.06%,87.83%,94.60%
ENVIRONMENTAL REGULATION,0,0,0,0,0,0,4,0,4,0,4,1402,1402.00,1,0.01%,0.06%,87.84%,94.66%
UNITED STATES FEDERAL INCOME TAX CONSEQUENCES FOR NON-U.S. HOLDERS,0,0,0,0,0,0,4,0,4,0,4,3039,3039.00,1,0.03%,0.06%,87.87%,94.71%
ERISA AND OTHER CONSIDERATIONS,0,0,0,0,0,0,0,4,0,4,4,3247,3247.00,1,0.03%,0.06%,87.89%,94.77%
NOTE 9. SUBSEQUENT EVENTS,0,0,0,0,0,0,0,4,0,4,4,2334,2334.00,1,0.02%,0.06%,87.92%,94.83%
PEGASO[(*)],0,1,0,0,0,3,0,0,0,4,4,3680,3680.00,1,0.03%,0.06%,87.95%,94.89%
U������������,0,1,0,0,0,1,2,0,2,2,4,15197,15197.00,1,0.14%,0.06%,88.08%,94.95%
NOTES TO THE CONSOLIDATED FINANCIAL STATEMENTS,0,0,0,0,0,1,0,3,0,4,4,22832,22832.00,1,0.20%,0.06%,88.29%,95.01%
BOOK-ENTRY; DELIVERY AND FORM,0,0,0,0,0,0,4,0,4,0,4,2495,2495.00,1,0.02%,0.06%,88.31%,95.06%
PAPER,0,1,0,0,0,2,0,1,0,4,4,1075,1075.00,1,0.01%,0.06%,88.32%,95.12%
"BOOK-ENTRY, DELIVERY AND FORM",0,0,0,0,0,1,0,3,0,4,4,7606,7606.00,1,0.07%,0.06%,88.39%,95.18%
NOTICE TO CERTAIN EUROPEAN INVESTORS,0,0,0,0,0,0,0,4,0,4,4,757,757.00,1,0.01%,0.06%,88.40%,95.24%
CERTAIN RELATIONSHIPS AND RELATED PARTY TRANSACTIONS OF VODAFONEZIGGO,0,0,0,0,0,0,0,4,0,4,4,17126,17126.00,1,0.15%,0.06%,88.55%,95.30%
GENERAL DESCRIPTION OF THE SECURITIES WE MAY OFFER,0,0,0,1,0,1,0,2,0,4,4,3369,3369.00,1,0.03%,0.06%,88.58%,95.36%
" YOU SHOULD CONSULT YOUR TAX ADVISOR AS TO THE PARTICULAR TAX CONSEQUENCES TO YOU ARISING FROM YOUR PURCHASE, OWNERSHIP AND DISPOSITION OF A NOTE, INCLUDING THE APPLICABILITY OF ANY U.S. FEDERAL ESTATE OR GIFT TAX LAWS, ANY U.S. STATE, LOCAL OR NON-U.S. TAX LAWS AND ANY PROPOSED CHANGES IN APPLICABLE TAX LAWS. ",0,0,0,0,0,0,0,4,0,4,4,2317,2317.00,1,0.02%,0.06%,88.60%,95.41%
LIABILITIES AND MEMBER’S:,0,0,0,0,0,1,0,2,0,3,3,2660,2660.00,1,0.02%,0.04%,88.62%,95.46%
2.** **SUMMARY OF SIGNIFICANT ACCOUNTING POLICIES,0,1,0,0,0,0,0,2,0,3,3,4399,4399.00,1,0.04%,0.04%,88.66%,95.50%
U.S. FEDERAL INCOME TAX CONSEQUENCES,0,0,0,0,0,0,0,3,0,3,3,3236,3236.00,1,0.03%,0.04%,88.69%,95.55%
PRELIMINARY** **OFFERING MEMORANDUM** **STRICTLY CONFIDENTIAL,0,0,0,0,0,0,3,0,3,0,3,2359,2359.00,1,0.02%,0.04%,88.71%,95.59%
BOOK ENTRY DELIVERY AND FORM,0,0,0,0,0,0,3,0,3,0,3,2070,2070.00,1,0.02%,0.04%,88.73%,95.63%
INCORPORATION BY REFERENCE,0,0,0,0,0,0,0,3,0,3,3,2527,631.75,4,0.02%,0.04%,88.75%,95.68%
PRELIMINARY OFFERING MEMORANDUM** **CONFIDENTIAL,0,0,0,0,0,0,3,0,3,0,3,4978,1659.33,3,0.04%,0.04%,88.80%,95.72%
INDEPENDENT AUDITOR’S REPORT,0,0,0,0,0,0,0,3,0,3,3,7985,2661.67,3,0.07%,0.04%,88.87%,95.77%
"PROSPECTIVE PURCHASERS OF THE NOTES ARE ADVISED TO CONSULT THEIR OWN TAX ADVISORS AS TO THE TAX CONSEQUENCES OF THE PURCHASE, OWNERSHIP AND DISPOSAL OF THE NOTES, INCLUDING THE EFFECT OF ANY STATE, LOCAL OR CHURCH TAXES, UNDER THE TAX LAWS OF GERMANY AND ANY COUNTRY OF WHICH THEY ARE RESIDENT OR WHOSE TAX LAWS APPLY TO THEM FOR OTHER REASONS.",0,0,0,0,0,0,0,3,0,3,3,3469,3469.00,1,0.03%,0.04%,88.90%,95.81%
TELECOM ITALIA FINANCE S.A.,0,0,0,0,0,0,3,0,3,0,3,1446,1446.00,1,0.01%,0.04%,88.92%,95.85%
FACTORS WHICH ARE MATERIAL FOR THE PURPOSE OF ASSESSING THE MARKET RISKS ASSOCIATED WITH THE NOTES ISSUED UNDER THE PROGRAMME.,0,0,0,0,0,0,3,0,3,0,3,901,901.00,1,0.01%,0.04%,88.92%,95.90%
14.** **NOTICES,0,0,0,0,0,0,3,0,3,0,3,2174,2174.00,1,0.02%,0.04%,88.94%,95.94%
12.** **ANTITRUST ISSUES,0,0,1,0,0,0,2,0,3,0,3,1771,1771.00,1,0.02%,0.04%,88.96%,95.98%
NOTICE TO SWISS INVESTORS,0,0,0,0,0,0,0,3,0,3,3,920,920.00,1,0.01%,0.04%,88.97%,96.03%
MANAGEMENT,0,0,0,0,2,0,1,0,3,0,3,5218,1043.60,5,0.05%,0.04%,89.01%,96.07%
REDEMPTION YEAR** **PRICE,0,0,0,0,0,0,0,3,0,3,3,51736,51736.00,1,0.46%,0.04%,89.48%,96.12%
NOTICE TO EEA INVESTORS,0,0,0,0,0,0,0,3,0,3,3,441,220.50,2,0.00%,0.04%,89.48%,96.16%
SIGNIFICANT ACCOUNTING POLICIES,0,0,0,0,0,0,0,3,0,3,3,2946,1473.00,2,0.03%,0.04%,89.51%,96.20%
INTRODUCTION,0,1,0,0,1,1,0,0,1,2,3,1440,720.00,2,0.01%,0.04%,89.52%,96.25%
MANAGEMENT OVERVIEW,0,0,0,0,0,1,0,2,0,3,3,9471,4735.50,2,0.08%,0.04%,89.60%,96.29%
TAXATION CERTAIN GERMAN TAX CONSIDERATIONS,0,0,0,0,0,0,0,3,0,3,3,852,426.00,2,0.01%,0.04%,89.61%,96.33%
D.** **CONSOLIDATION PRINCIPLES,0,2,0,0,0,0,0,1,0,3,3,19177,9588.50,2,0.17%,0.04%,89.78%,96.38%
CAUTION REGARDING FORWARD-LOOKING STATEMENTS,0,1,0,0,0,1,0,1,0,3,3,1164,1164.00,1,0.01%,0.04%,89.79%,96.42%
REGISTRATION RIGHTS,0,0,0,0,0,1,2,0,2,1,3,3202,3202.00,1,0.03%,0.04%,89.82%,96.47%
CAUTIONARY NOTE REGARDING FORWARD LOOKING STATEMENTS,0,1,0,0,0,1,0,1,0,3,3,712,712.00,1,0.01%,0.04%,89.83%,96.51%
LIABILITIES AND INVESTED EQUITY,0,0,0,1,0,0,0,2,0,3,3,15559,15559.00,1,0.14%,0.04%,89.97%,96.55%
FINAL TERMS AND DRAWDOWN PROSPECTUSES,0,0,0,0,0,0,0,3,0,3,3,3862,3862.00,1,0.03%,0.04%,90.00%,96.60%
SUMMARY FINANCIAL AND OTHER DATA,1,0,0,0,0,0,0,2,1,2,3,19775,19775.00,1,0.18%,0.04%,90.18%,96.64%
FINANCIAL PERFORMANCE,0,1,0,0,0,0,2,0,2,1,3,5033,5033.00,1,0.05%,0.04%,90.23%,96.69%
PRINCIPLES OF ECONOMIC REGULATION,0,0,0,0,0,0,3,0,3,0,3,1686,1686.00,1,0.02%,0.04%,90.24%,96.73%
SENIOR BORROWER GROUP INDEBTEDNESS,0,0,0,0,0,0,3,0,3,0,3,3719,3719.00,1,0.03%,0.04%,90.27%,96.77%
THIS OFFERING MEMORANDUM CONTAINS IMPORTANT INFORMATION WHICH YOU SHOULD READ BEFORE YOU MAKE ANY DECISION WITH RESPECT TO AN INVESTMENT IN THE NOTES. FORWARD-LOOKING STATEMENTS,1,0,0,0,0,1,0,1,1,2,3,1034,1034.00,1,0.01%,0.04%,90.28%,96.82%
EXISTING SENIOR SECURED IKB FACILITIES,0,0,0,0,0,0,0,3,0,3,3,3226,3226.00,1,0.03%,0.04%,90.31%,96.86%
EXISTING SENIOR SECURED COMMERZBANK FACILITIES,0,0,0,0,0,0,0,3,0,3,3,3192,3192.00,1,0.03%,0.04%,90.34%,96.90%
BOOK-ENTRY CLEARANCE PROCEDURES,0,0,0,0,1,0,0,2,1,2,3,1802,1802.00,1,0.02%,0.04%,90.36%,96.95%
INFORMATION REGARDING FORWARD–LOOKING STATEMENTS,0,1,0,1,0,1,0,0,0,3,3,897,897.00,1,0.01%,0.04%,90.37%,96.99%
MATERIAL U.S. FEDERAL INCOME TAX CONSIDERATIONS,0,0,0,0,0,0,0,3,0,3,3,3449,3449.00,1,0.03%,0.04%,90.40%,97.04%
SELECTED CONSOLIDATED FINANCIAL DATA,0,2,0,0,0,0,0,0,0,2,2,2397,2397.00,1,0.02%,0.03%,90.42%,97.06%
MATERIAL UNITED STATES FEDERAL INCOME TAX CONSIDERATIONS,0,0,0,0,0,0,0,2,0,2,2,2908,2908.00,1,0.03%,0.03%,90.44%,97.09%
4.** **INVENTORIES,0,1,0,0,0,1,0,0,0,2,2,465,465.00,1,0.00%,0.03%,90.45%,97.12%
8.** **DEBT,0,0,0,1,0,0,0,1,0,2,2,2209,2209.00,1,0.02%,0.03%,90.47%,97.15%
9.** **PRODUCT WARRANTIES,0,1,0,0,0,0,0,1,0,2,2,528,528.00,1,0.00%,0.03%,90.47%,97.18%
CERTAIN DEFINITIONS,0,0,0,0,0,0,0,2,0,2,2,25350,2304.55,11,0.23%,0.03%,90.70%,97.21%
LTIP 2018,0,0,0,0,0,0,0,2,0,2,2,1248,1248.00,1,0.01%,0.03%,90.71%,97.24%
INCOME STATEMENTS,0,0,0,0,0,0,0,2,0,2,2,14538,14538.00,1,0.13%,0.03%,90.84%,97.27%
CURRENCY PRESENTATION AND DEFINED TERMS,0,0,0,0,0,1,0,1,0,2,2,2893,2893.00,1,0.03%,0.03%,90.87%,97.30%
PRINCIPAL SHAREHOLDERS,1,0,0,0,0,1,0,0,1,1,2,3185,398.12,8,0.03%,0.03%,90.89%,97.33%
OVERVIEW OF THE PROGRAMME,0,0,0,0,0,0,2,0,2,0,2,1916,1916.00,1,0.02%,0.03%,90.91%,97.36%
3.** **INTERESTS OF NATURAL AND LEGAL PERSONS INVOLVED IN THE ISSUE,0,0,0,0,0,0,2,0,2,0,2,260,260.00,1,0.00%,0.03%,90.91%,97.39%
"NONE OF THE U.S. SECURITIES AND EXCHANGE COMMISSION (“SEC”), ANY STATE SECURITIES COMMISSION OR OTHER U.S. REGULATORY AUTHORITY HAS APPROVED OR DISAPPROVED OF THE NOTES OR THE RELATED GUARANTEES NOR HAVE ANY OF THE FOREGOING AUTHORITIES PASSED UPON OR ENDORSED THE MERITS OF THIS OFFERING OR THE ACCURACY OR ADEQUACY OF THIS OFFERING MEMORANDUM. ANY REPRESENTATION TO THE CONTRARY IS A CRIMINAL OFFENSE.",0,0,0,1,0,0,0,1,0,2,2,704,704.00,1,0.01%,0.03%,90.92%,97.42%
SUMMARY HISTORICAL CONSOLIDATED FINANCIAL INFORMATION,0,0,0,0,1,0,1,0,2,0,2,4228,2114.00,2,0.04%,0.03%,90.96%,97.44%
PROHIBITION OF SALES TO EEA RETAIL INVESTORS,0,0,0,0,0,0,0,2,0,2,2,331,165.50,2,0.00%,0.03%,90.96%,97.47%
QUANTITATIVE AND QUALITATIVE DISCLOSURES ABOUT MARKET RISK,0,0,0,0,0,0,0,2,0,2,2,1042,521.00,2,0.01%,0.03%,90.97%,97.50%
SUMMARY OF SIGNIFICANT DIFFERENCES BETWEEN GERMAN GAAP AND IFRS,0,0,0,0,0,0,0,2,0,2,2,6959,3479.50,2,0.06%,0.03%,91.03%,97.53%
HISTORY,0,0,0,0,1,1,0,0,1,1,2,2703,1351.50,2,0.02%,0.03%,91.06%,97.56%
PRODUCTION FACILITIES AND THE CHP,0,2,0,0,0,0,0,0,0,2,2,3975,1987.50,2,0.04%,0.03%,91.09%,97.59%
INFORMATION TECHNOLOGY AND PROCESS MANAGEMENT,0,0,0,0,1,1,0,0,1,1,2,1842,921.00,2,0.02%,0.03%,91.11%,97.62%
WHERE YOU CAN FIND MORE INFORMATION; INCORPORATION BY REFERENCE,0,0,0,0,0,0,2,0,2,0,2,1064,532.00,2,0.01%,0.03%,91.12%,97.65%
PRELIMINARY OFFERING CIRCULAR** **CONFIDENTIAL,0,0,0,0,0,0,1,1,1,1,2,1973,986.50,2,0.02%,0.03%,91.14%,97.68%
"FORT DEARBORN HOLDING COMPANY, INC. AND SUBSIDIARIES",0,2,0,0,0,0,0,0,0,2,2,14859,14859.00,1,0.13%,0.03%,91.27%,97.71%
IMPORTANT NOTICES,0,0,0,0,0,0,0,2,0,2,2,1364,1364.00,1,0.01%,0.03%,91.28%,97.74%
PART B – OTHER INFORMATION,0,0,0,0,0,0,0,2,0,2,2,651,651.00,1,0.01%,0.03%,91.29%,97.77%
THE ROLE OF HEATHROW,0,0,0,0,0,1,1,0,1,1,2,458,458.00,1,0.00%,0.03%,91.29%,97.79%
"HEATHROW AIRPORT’S INFRASTRUCTURE, FACILITIES AND ACCESS",0,0,0,0,0,1,1,0,1,1,2,2534,2534.00,1,0.02%,0.03%,91.31%,97.82%
TRAFFIC,0,2,0,0,0,0,0,0,0,2,2,1554,1554.00,1,0.01%,0.03%,91.33%,97.85%
7.** **REDEMPTION AND PURCHASE,0,0,0,0,0,0,2,0,2,0,2,2913,2913.00,1,0.03%,0.03%,91.35%,97.88%
EU SAVINGS DIRECTIVE,0,0,0,0,0,0,2,0,2,0,2,1278,1278.00,1,0.01%,0.03%,91.37%,97.91%
NOTE 6. RELATED PARTY TRANSACTIONS,0,0,0,0,0,0,0,2,0,2,2,2031,2031.00,1,0.02%,0.03%,91.38%,97.94%
BOOK-ENTRY SETTLEMENT AND CLEARANCE,0,0,0,0,0,0,2,0,2,0,2,6263,3131.50,2,0.06%,0.03%,91.44%,97.97%
NOTICE TO TURKISH INVESTORS,0,0,0,0,0,0,0,2,0,2,2,308,308.00,1,0.00%,0.03%,91.44%,98.00%
SUMMARY OF THE OFFERING,0,0,0,0,0,0,0,2,0,2,2,3393,3393.00,1,0.03%,0.03%,91.47%,98.03%
"SECURITIES ACT’’), OR THE SECURITIES LAWS OF ANY STATE OF THE UNITED STATES OR",0,0,0,0,0,0,0,2,0,2,2,1098,1098.00,1,0.01%,0.03%,91.48%,98.06%
EXISTING SENIOR SECURED SAARLB FACILITY,0,0,0,0,0,0,0,2,0,2,2,1939,1939.00,1,0.02%,0.03%,91.50%,98.09%
NEW SENIOR SECURED LBBW FACILITIES,0,0,0,0,0,0,0,2,0,2,2,2398,2398.00,1,0.02%,0.03%,91.52%,98.12%
NEW SENIOR SECURED SAARLB FACILITY,0,0,0,0,0,0,0,2,0,2,2,1698,1698.00,1,0.02%,0.03%,91.54%,98.15%
INTERCREDITOR AGREEMENT,0,0,0,0,0,0,0,2,0,2,2,4602,4602.00,1,0.04%,0.03%,91.58%,98.17%
THE DISCUSSION ABOVE IS A GENERAL SUMMARY. IT DOES NOT COVER ALL TAX MATTERS THAT MAY BE OF IMPORTANCE TO A PARTICULAR PURCHASER. EACH PROSPECTIVE PURCHASER IS URGED TO CONSULT ITS OWN TAX ADVISOR ABOUT THE TAX CONSEQUENCES TO IT OF AN INVESTMENT IN THE NOTES IN LIGHT OF THE PURCHASER’S OWN CIRCUMSTANCES.,0,0,0,0,0,0,0,2,0,2,2,943,943.00,1,0.01%,0.03%,91.59%,98.20%
"THE SUMMARY OF U.S. FEDERAL INCOME TAX CONSEQUENCES SET OUT BELOW IS FOR GENERAL INFORMATION ONLY. ALL PROSPECTIVE PURCHASERS SHOULD CONSULT THEIR TAX ADVISORS AS TO THE PARTICULAR TAX CONSEQUENCES TO THEM OF ACQUIRING, OWNING AND DISPOSING OF THE NOTES, INCLUDING THE APPLICABILITY AND EFFECT OF STATE, LOCAL, NON-U.S. AND OTHER TAX LAWS AND POSSIBLE CHANGES IN TAX LAW.",0,0,0,0,0,0,0,2,0,2,2,2152,2152.00,1,0.02%,0.03%,91.61%,98.23%
SUMMARY FINANCIAL AND OPERATING INFORMATION,0,1,0,0,0,0,1,0,1,1,2,10058,10058.00,1,0.09%,0.03%,91.70%,98.26%
USE OF PROCEEDS,0,0,0,0,0,0,0,1,0,1,1,22121,470.66,47,0.20%,0.01%,91.89%,98.28%
8.** **PRODUCT WARRANTIES,0,1,0,0,0,0,0,0,0,1,1,497,497.00,1,0.00%,0.01%,91.90%,98.29%
9.** **FAIR VALUE OF FINANCIAL INSTRUMENTS,0,1,0,0,0,0,0,0,0,1,1,597,597.00,1,0.01%,0.01%,91.90%,98.31%
10.** **SEGMENTS,0,1,0,0,0,0,0,0,0,1,1,508,508.00,1,0.00%,0.01%,91.91%,98.32%
13.** **COMMITMENTS AND CONTINGENCIES,0,0,0,0,0,0,0,1,0,1,1,660,660.00,1,0.01%,0.01%,91.91%,98.34%
LIABILITIES AND MEMBER’S EQUITY:,0,0,0,0,0,0,0,1,0,1,1,434,434.00,1,0.00%,0.01%,91.92%,98.35%
16.** **SUBSEQUENT EVENTS,0,0,0,0,0,0,0,1,0,1,1,547,547.00,1,0.00%,0.01%,91.92%,98.36%
LIABILITIES AND MEMBER’S EQUITY,0,0,0,0,0,0,0,1,0,1,1,1502,1502.00,1,0.01%,0.01%,91.94%,98.38%
13.** **INCOME TAXES,0,0,0,0,0,0,0,1,0,1,1,1514,1514.00,1,0.01%,0.01%,91.95%,98.39%
14.** **SEGMENTS,0,1,0,0,0,0,0,0,0,1,1,821,821.00,1,0.01%,0.01%,91.96%,98.41%
ENFORCEABILITY OF JUDGMENTS,0,0,0,0,0,0,0,1,0,1,1,8574,4287.00,2,0.08%,0.01%,92.03%,98.42%
LEGAL ADVISORS TO THE INITIAL PURCHASERS,0,0,0,0,0,0,0,1,0,1,1,1109,110.90,10,0.01%,0.01%,92.04%,98.44%
NOTICE TO INVESTORS IN THE EUROPEAN ECONOMIC AREA,0,0,0,0,0,0,0,1,0,1,1,343,343.00,1,0.00%,0.01%,92.05%,98.45%
NOTICE TO INVESTORS IN CANADA,0,0,0,0,0,0,0,1,0,1,1,207,207.00,1,0.00%,0.01%,92.05%,98.47%
NOTICE TO INVESTORS IN IRELAND,0,0,0,0,0,0,0,1,0,1,1,434,434.00,1,0.00%,0.01%,92.05%,98.48%
NOTICE TO INVESTORS IN LUXEMBOURG,0,0,0,0,0,0,0,1,0,1,1,135,135.00,1,0.00%,0.01%,92.05%,98.50%
LISTING AND GENERAL INFORMATION,0,0,0,0,0,0,0,1,0,1,1,1805,902.50,2,0.02%,0.01%,92.07%,98.51%
ALTERNATIVE SETTLEMENT CYCLE,0,0,0,0,0,0,1,0,1,0,1,451,225.50,2,0.00%,0.01%,92.07%,98.53%
SUMMARY HISTORICAL CONSOLIDATED FINANCIAL AND OTHER DATA,0,1,0,0,0,0,0,0,0,1,1,4538,2269.00,2,0.04%,0.01%,92.12%,98.54%
NOTICE TO INVESTORS; TRANSFER RESTRICTIONS,0,0,0,0,0,0,1,0,1,0,1,1686,1686.00,1,0.02%,0.01%,92.13%,98.55%
INFORMATION INCORPORATED BY REFERENCE,0,0,0,0,0,0,0,1,0,1,1,789,394.50,2,0.01%,0.01%,92.14%,98.57%
PRESENTATION OF FINANCIAL INFORMATION,0,0,0,0,0,0,0,1,0,1,1,2970,495.00,6,0.03%,0.01%,92.16%,98.58%
SELECTED CONSOLIDATED FINANCIAL INFORMATION,0,0,0,0,0,0,0,1,0,1,1,4808,2404.00,2,0.04%,0.01%,92.21%,98.60%
"RESTRICTION TERMINATION DATE""), WHICH IS: ONE YEAR AFTER THE LATER OF THE",0,0,0,0,0,0,0,1,0,1,1,3838,3838.00,1,0.03%,0.01%,92.24%,98.61%
REPORT ON THE OTHER INFORMATION INCLUDED IN THE ANNUAL REPORT,0,0,0,0,0,0,0,1,0,1,1,10461,10461.00,1,0.09%,0.01%,92.34%,98.63%
CONSOLIDATED CASH FLOW STATEMENT FOR 2021,0,0,0,0,0,0,0,1,0,1,1,3190,3190.00,1,0.03%,0.01%,92.36%,98.64%
LEGAL ADVISORS TO THE ISSUER AND THE GUARANTORS,0,0,0,0,0,0,0,1,0,1,1,130,65.00,2,0.00%,0.01%,92.37%,98.66%
"FIDUCIARY”), HAS RELIED AS A PRIMARY BASIS IN CONNECTION WITH ITS",0,0,0,0,0,0,0,1,0,1,1,1735,1735.00,1,0.02%,0.01%,92.38%,98.67%
OPERATIONAL RISKS,0,0,0,0,0,0,1,0,1,0,1,139,139.00,1,0.00%,0.01%,92.38%,98.69%
PART B – OTHER INFORMATION 1.** **LISTING AND ADMISSION TO TRADING,0,0,0,0,0,0,1,0,1,0,1,224,224.00,1,0.00%,0.01%,92.38%,98.70%
3.** **RESTRICTIONS ON SECURITY INTERESTS,0,0,0,0,0,0,1,0,1,0,1,1569,1569.00,1,0.01%,0.01%,92.40%,98.71%
8.** **TAXATION,0,0,0,0,0,0,1,0,1,0,1,949,949.00,1,0.01%,0.01%,92.41%,98.73%
3.** **MARKET ANALYSES,0,0,0,0,0,0,1,0,1,0,1,618,618.00,1,0.01%,0.01%,92.41%,98.74%
5.** **ACCOUNTING SEPARATION AND COST ACCOUNTING,0,0,0,0,0,0,1,0,1,0,1,227,227.00,1,0.00%,0.01%,92.41%,98.76%
8.** **THE UNIVERSAL SERVICE,0,0,0,0,0,0,1,0,1,0,1,669,669.00,1,0.01%,0.01%,92.42%,98.77%
9.** **CONTRIBUTION FEES FOR THE FUNCTIONING OF AGCOM,0,0,0,0,0,0,1,0,1,0,1,290,290.00,1,0.00%,0.01%,92.42%,98.79%
11.** **PRIVACY AND DATA PROTECTION,0,0,0,0,0,0,1,0,1,0,1,696,696.00,1,0.01%,0.01%,92.43%,98.80%
DESCRIPTION OF TI FINANCE,0,0,0,0,0,0,1,0,1,0,1,1108,1108.00,1,0.01%,0.01%,92.44%,98.82%
NOTICE TO UNITED KINGDOM INVESTORS,0,0,0,0,0,0,0,1,0,1,1,968,968.00,1,0.01%,0.01%,92.45%,98.83%
SUMMARY FINANCIAL AND OTHER INFORMATION,0,1,0,0,0,0,0,0,0,1,1,9991,4995.50,2,0.09%,0.01%,92.54%,98.85%
SELECTED COMBINED FINANCIAL INFORMATION,0,1,0,0,0,0,0,0,0,1,1,7220,2406.67,3,0.06%,0.01%,92.60%,98.86%
INCORPORATION OF CERTAIN INFORMATION BY REFERENCE,0,0,0,0,0,0,0,1,0,1,1,555,555.00,1,0.00%,0.01%,92.61%,98.88%
INCORPORATION BY REFERENCE; WHERE YOU CAN FIND ADDITIONAL INFORMATION,0,0,0,0,0,0,0,1,0,1,1,488,488.00,1,0.00%,0.01%,92.61%,98.89%
INCORPORATION OF CERTAIN DOCUMENTS BY REFERENCE,0,0,0,0,0,0,0,1,0,1,1,455,455.00,1,0.00%,0.01%,92.62%,98.90%
CERTAIN UNITED STATES FEDERAL INCOME TAX CONSIDERATIONS IN GENERAL,0,0,0,0,0,0,0,1,0,1,1,2032,2032.00,1,0.02%,0.01%,92.63%,98.92%
PROPAPIER,0,1,0,0,0,0,0,0,0,1,1,776,776.00,1,0.01%,0.01%,92.64%,98.93%
PROWELL,0,0,0,0,1,0,0,0,1,0,1,1146,1146.00,1,0.01%,0.01%,92.65%,98.95%
INSURANCE,0,0,0,0,0,0,1,0,1,0,1,1086,362.00,3,0.01%,0.01%,92.66%,98.96%
AMENDED AND RESTATED SUPER SENIOR REVOLVING CREDIT FACILITY,0,0,0,0,0,0,0,1,0,1,1,3082,3082.00,1,0.03%,0.01%,92.69%,98.98%
SENIOR SECURED EUR FACILITY,0,0,0,0,0,0,0,1,0,1,1,3031,3031.00,1,0.03%,0.01%,92.71%,98.99%
AMENDED AND RESTATED INTERCREDITOR AGREEMENT,0,0,0,0,0,0,0,1,0,1,1,4817,4817.00,1,0.04%,0.01%,92.76%,99.01%
EUROPEAN UNION,0,0,0,0,0,0,0,1,0,1,1,122,61.00,2,0.00%,0.01%,92.76%,99.02%
"PROGROUP AG OFFENBACH A. D. QUEICH, GERMANY NOTES TO THE CONSOLIDATED FINANCIAL STATEMENTS FOR FINANCIAL YEAR 2015 A.** **GENERAL INFORMATION",0,0,0,0,0,0,0,1,0,1,1,510,510.00,1,0.00%,0.01%,92.76%,99.04%
MEANING OF CERTAIN REFERENCES; INFORMATION ABOUT THE ISSUER AND ESCROW ISSUER,0,0,0,0,0,0,0,1,0,1,1,367,367.00,1,0.00%,0.01%,92.77%,99.05%
NO REVIEW BY THE SEC OR OTHER SECURITIES REGULATORS,0,0,0,0,0,0,0,1,0,1,1,141,141.00,1,0.00%,0.01%,92.77%,99.07%
SUMMARY PRO FORMA AND HISTORICAL CONSOLIDATED FINANCIAL INFORMATION AND OTHER DATA - AKUMIN,0,1,0,0,0,0,0,0,0,1,1,3137,3137.00,1,0.03%,0.01%,92.80%,99.08%
REVIEW BY THE SECURITIES AND EXCHANGE COMMISSION,0,0,0,0,0,0,1,0,1,0,1,217,217.00,1,0.00%,0.01%,92.80%,99.09%
NOTICE TO CERTAIN EUROPEAN ECONOMIC AREA INVESTORS,0,0,0,0,0,0,0,1,0,1,1,328,328.00,1,0.00%,0.01%,92.80%,99.11%
MIFID II PRODUCT GOVERNANCE,0,0,0,0,0,0,0,1,0,1,1,122,122.00,1,0.00%,0.01%,92.80%,99.12%
NOTICE TO CERTAIN INVESTORS IN THE UNITED KINGDOM,0,0,0,0,0,0,0,1,0,1,1,200,200.00,1,0.00%,0.01%,92.80%,99.14%
SELECTED HISTORICAL CONSOLIDATED FINANCIAL DATA,0,0,0,0,0,0,0,1,0,1,1,3779,1889.50,2,0.03%,0.01%,92.84%,99.15%
NAME** **AGE*** **POSITION,0,0,0,0,0,0,0,1,0,1,1,1555,1555.00,1,0.01%,0.01%,92.85%,99.17%
THE ACCURACY OR COMPLETENESS OF THE INFORMATION INCLUDED IN THIS OFFERING CIRCULAR AS OF ANY DATE OTHER THAN THE DATE HEREOF.,0,0,0,0,0,0,0,1,0,1,1,194,194.00,1,0.00%,0.01%,92.85%,99.18%
RELATIONSHIP BETWEEN THE INITIAL PURCHASERS AND THEIR RESPECTIVE AFFILIATES AND THE COMPANY,0,0,0,0,0,0,0,1,0,1,1,477,477.00,1,0.00%,0.01%,92.86%,99.20%
"SECURITIES LAWS OF ANY OTHER JURISDICTION PURSUANT TO REGISTRATION OR EXEMPTION THEREFROM. INVESTORS SHOULD BE AWARE THAT THEY MAY BE REQUIRED TO BEAR THE FINANCIAL RISKS OF THIS INVESTMENT FOR AN INDEFINITE PERIOD OF TIME AND THAT THEIR ABILITY TO TRANSFER INTERESTS IN THESE SECURITIES MAY BE ADVERSELY AFFECTED IF THEY ARE IN POSSESSION OF MATERIAL NON-PUBLIC INFORMATION CONCERNING OUR BUSINESS. PROSPECTIVE INVESTORS MUST COMPLY WITH ALL LAWS APPLICABLE IN ANY JURISDICTION IN WHICH THEY BUY, OFFER OR SELL THE NOTES OR POSSESS OR DISTRIBUTE THIS OFFERING CIRCULAR; NEITHER WE NOR THE INITIAL PURCHASERS SHALL HAVE ANY RESPONSIBILITY FOR ANY OF THE FOREGOING LEGAL REQUIREMENTS. SEE ‘‘TRANSFER RESTRICTIONS’’. LISTING OF THE NOTES",0,0,0,0,0,0,0,1,0,1,1,257,257.00,1,0.00%,0.01%,92.86%,99.21%
SUMMARY HISTORICAL FINANCIAL AND OTHER DATA OF THE PARENT GUARANTOR,0,1,0,0,0,0,0,0,0,1,1,4764,4764.00,1,0.04%,0.01%,92.90%,99.23%
WHERE TO FIND ADDITIONAL INFORMATION,0,0,0,0,0,0,0,1,0,1,1,3244,3244.00,1,0.03%,0.01%,92.93%,99.24%
BASE PROSPECTUS,0,0,0,0,0,0,0,1,0,1,1,846,846.00,1,0.01%,0.01%,92.94%,99.26%
FORM OF FINAL TERMS,0,0,0,0,0,0,0,1,0,1,1,820,820.00,1,0.01%,0.01%,92.95%,99.27%
PROVEN RESILIENCE OF THE RENOVATION END-MARKET,0,0,0,0,0,1,0,0,0,1,1,1328,1328.00,1,0.01%,0.01%,92.96%,99.28%
OFFERING MEMORANDUM** **NOT FOR GENERAL DISTRIBUTION STRICTLY CONFIDENTIAL** **IN THE UNITED STATES,0,0,0,0,0,0,0,1,0,1,1,6925,2308.33,3,0.06%,0.01%,93.02%,99.30%
KEY STRENGTHS,0,0,0,0,0,0,1,0,1,0,1,494,494.00,1,0.00%,0.01%,93.03%,99.31%
COMMERCIAL STRATEGY,0,0,0,0,0,1,0,0,0,1,1,285,285.00,1,0.00%,0.01%,93.03%,99.33%
THE NOTES,0,0,0,0,0,0,1,0,1,0,1,2769,2769.00,1,0.02%,0.01%,93.05%,99.34%
INDUSTRY SOURCES AND TERMINOLOGY,0,0,0,0,0,0,1,0,1,0,1,1426,1426.00,1,0.01%,0.01%,93.07%,99.36%
REVENUE GENERATION AND ECONOMIC REGULATION,0,0,0,0,0,0,1,0,1,0,1,312,312.00,1,0.00%,0.01%,93.07%,99.37%
THE GROUP AND ITS OWNERSHIP,0,0,0,0,0,0,1,0,1,0,1,1866,1866.00,1,0.02%,0.01%,93.08%,99.39%
STRATEGY,0,0,0,0,0,1,0,0,0,1,1,250,250.00,1,0.00%,0.01%,93.09%,99.40%
CUSTOMERS,0,0,0,0,0,0,1,0,1,0,1,552,552.00,1,0.00%,0.01%,93.09%,99.42%
ROLE OF GOVERNMENT SERVICES AND AGENCIES IN AIRPORT OPERATIONS,0,0,0,0,0,0,1,0,1,0,1,358,358.00,1,0.00%,0.01%,93.10%,99.43%
UK AIRPORT CAPACITY,0,0,0,0,0,0,1,0,1,0,1,1418,1418.00,1,0.01%,0.01%,93.11%,99.45%
AERODROME LICENCES,0,0,0,0,0,0,1,0,1,0,1,448,448.00,1,0.00%,0.01%,93.11%,99.46%
4.** **COVENANTS,0,0,0,0,0,0,1,0,1,0,1,5696,5696.00,1,0.05%,0.01%,93.16%,99.47%
8.** **PAYMENTS,0,0,0,0,0,0,1,0,1,0,1,1392,1392.00,1,0.01%,0.01%,93.18%,99.49%
10.** **TAXATION,0,0,0,0,0,0,1,0,1,0,1,1182,1182.00,1,0.01%,0.01%,93.19%,99.50%
15.** **REPLACEMENT OF NOTES AND COUPONS,0,0,0,0,0,0,1,0,1,0,1,187,187.00,1,0.00%,0.01%,93.19%,99.52%
"16.** **MEETINGS OF NOTEHOLDERS, MODIFICATION, WAIVER AND AUTHORISATION",0,0,0,0,0,0,1,0,1,0,1,3182,3182.00,1,0.03%,0.01%,93.22%,99.53%
20.** **NOTICES,0,0,0,0,0,0,1,0,1,0,1,264,264.00,1,0.00%,0.01%,93.22%,99.55%
21.** **DEFINITIONS,0,0,0,0,0,0,1,0,1,0,1,12321,12321.00,1,0.11%,0.01%,93.33%,99.56%
SUMMARY HISTORICAL CONSOLIDATED FINANCIAL DATA,0,1,0,0,0,0,0,0,0,1,1,1936,1936.00,1,0.02%,0.01%,93.35%,99.58%
ITALIAN “WHITE LIST STATES”,0,0,0,0,0,0,1,0,1,0,1,461,461.00,1,0.00%,0.01%,93.35%,99.59%
MERCATORUM,0,0,0,0,0,1,0,0,0,1,1,2501,2501.00,1,0.02%,0.01%,93.37%,99.61%
SUMMARY CORPORATE AND FINANCING STRUCTURE—POST-CLOSING REORGANISATION,0,0,0,0,0,0,1,0,1,0,1,667,667.00,1,0.01%,0.01%,93.38%,99.62%
CERTAIN TAX CONSIDERATIONS OECD COMMON REPORTING STANDARDS,0,0,0,0,0,0,1,0,1,0,1,165,165.00,1,0.00%,0.01%,93.38%,99.63%
CURRENCY PRESENTATION AND DEFINITIONS,0,0,0,1,0,0,0,0,0,1,1,14006,7003.00,2,0.13%,0.01%,93.51%,99.65%
DATE”) THAT IS ONE YEAR AFTER THE LATER OF THE ORIGINAL ISSUE DATE HEREOF AND THE,0,0,0,0,0,0,0,1,0,1,1,707,707.00,1,0.01%,0.01%,93.51%,99.66%
INFORMATION WE INCORPORATE BY REFERENCE,0,0,0,0,0,0,1,0,1,0,1,380,380.00,1,0.00%,0.01%,93.52%,99.68%
PRELIMINARY OFFERING MEMORANDUM** **NOT FOR GENERAL DISTRIBUTION IN THE UNITED STATES,0,0,0,0,0,0,0,1,0,1,1,1446,1446.00,1,0.01%,0.01%,93.53%,99.69%
BOARD,0,0,0,0,0,1,0,0,0,1,1,1304,1304.00,1,0.01%,0.01%,93.54%,99.71%
SUPER SENIOR REVOLVING CREDIT FACILITY,0,0,0,0,0,0,0,1,0,1,1,2211,2211.00,1,0.02%,0.01%,93.56%,99.72%
D.** **PRINCIPLES OF CONSOLIDATION,0,1,0,0,0,0,0,0,0,1,1,1270,1270.00,1,0.01%,0.01%,93.57%,99.74%
UNAUDITED PRO FORMA CONDENSED COMBINED STATEMENT OF OPERATIONS,0,0,0,0,0,0,0,1,0,1,1,8911,8911.00,1,0.08%,0.01%,93.65%,99.75%
PROHIBITION OF OFFERS TO EEA RETAIL INVESTORS,0,0,0,0,0,0,0,1,0,1,1,228,228.00,1,0.00%,0.01%,93.65%,99.77%
PROFESSIONAL INVESTORS AND ECPS ONLY TARGET MARKET,0,0,0,0,0,0,0,1,0,1,1,152,152.00,1,0.00%,0.01%,93.65%,99.78%
NOTICE TO EUROPEAN ECONOMIC AREA INVESTORS,0,0,0,0,0,0,0,1,0,1,1,478,478.00,1,0.00%,0.01%,93.66%,99.80%
TRANSACTION OVERVIEW:,0,0,0,0,0,0,0,1,0,1,1,601,601.00,1,0.01%,0.01%,93.66%,99.81%
PRINCIPAL TERMS OF THE NOTES:,0,0,0,0,0,0,0,1,0,1,1,3698,3698.00,1,0.03%,0.01%,93.70%,99.82%
DESCRIPTION OF THE RECEIVABLES,0,0,0,0,1,0,0,0,1,0,1,6265,6265.00,1,0.06%,0.01%,93.75%,99.84%
TAXATION THE NETHERLANDS,0,0,0,0,0,0,0,1,0,1,1,1996,1996.00,1,0.02%,0.01%,93.77%,99.85%
15.** **INFORMATION AND OTHER UNDERTAKINGS,0,0,0,0,0,0,0,1,0,1,1,596,596.00,1,0.01%,0.01%,93.78%,99.87%
SCHEDULE 7 ADDITIONAL DEFINITIONS,0,0,0,0,0,0,0,1,0,1,1,24396,24396.00,1,0.22%,0.01%,93.99%,99.88%
COMPANY OVERVIEW,0,0,0,0,0,1,0,0,0,1,1,181,181.00,1,0.00%,0.01%,94.00%,99.90%
SUMMARY COMBINED FINANCIAL AND OTHER INFORMATION,0,1,0,0,0,0,0,0,0,1,1,9247,9247.00,1,0.08%,0.01%,94.08%,99.91%
ABOUT THIS PROSPECTUS,0,0,0,0,0,0,0,1,0,1,1,561,561.00,1,0.01%,0.01%,94.08%,99.93%
THE COMPANY,0,0,0,0,0,1,0,0,0,1,1,505,505.00,1,0.00%,0.01%,94.09%,99.94%
DESCRIPTION OF DEBT SECURITIES,0,0,0,0,0,0,0,1,0,1,1,5544,5544.00,1,0.05%,0.01%,94.14%,99.96%
SECURITIES AND EXCHANGE COMMISSION REVIEW,0,0,0,0,0,0,0,1,0,1,1,179,179.00,1,0.00%,0.01%,94.14%,99.97%
EXCHANGE OFFER; REGISTRATION RIGHTS,0,0,0,0,0,0,0,1,0,1,1,1443,1443.00,1,0.01%,0.01%,94.15%,99.99%
INCORPORATION OF DOCUMENTS BY REFERENCE,0,0,0,0,0,0,0,1,0,1,1,368,368.00,1,0.00%,0.01%,94.16%,100.00%
SECURITY OWNERSHIP OF CERTAIN BENEFICIAL OWNERS,0,0,0,0,0,0,0,0,0,0,0,64,64.00,1,0.00%,0.00%,94.16%,100.00%
2.** **REVENUE,0,0,0,0,0,0,0,0,0,0,0,382,382.00,1,0.00%,0.00%,94.16%,100.00%
3.** **INVENTORIES,0,0,0,0,0,0,0,0,0,0,0,320,320.00,1,0.00%,0.00%,94.16%,100.00%
5.** **GOODWILL AND INTANGIBLE ASSETS—NET,0,0,0,0,0,0,0,0,0,0,0,182,182.00,1,0.00%,0.00%,94.16%,100.00%
6.** **COMPOSITION OF CERTAIN BALANCE SHEET ACCOUNTS,0,0,0,0,0,0,0,0,0,0,0,171,171.00,1,0.00%,0.00%,94.17%,100.00%
7.** **DEBT,0,0,0,0,0,0,0,0,0,0,0,2210,2210.00,1,0.02%,0.00%,94.19%,100.00%
11.** **SHARE BASED COMPENSATION,0,0,0,0,0,0,0,0,0,0,0,363,363.00,1,0.00%,0.00%,94.19%,100.00%
12.** **INCOME TAXES,0,0,0,0,0,0,0,0,0,0,0,157,157.00,1,0.00%,0.00%,94.19%,100.00%
3.** **ACQUISITIONS,0,0,0,0,0,0,0,0,0,0,0,1265,1265.00,1,0.01%,0.00%,94.20%,100.00%
6.** **GOODWILL AND INTANGIBLE ASSETS-NET,0,0,0,0,0,0,0,0,0,0,0,317,317.00,1,0.00%,0.00%,94.21%,100.00%
7.** **ACCRUED EXPENSES AND OTHER LIABILITIES,0,0,0,0,0,0,0,0,0,0,0,78,78.00,1,0.00%,0.00%,94.21%,100.00%
10.** **FAIR VALUE OF FINANCIAL INSTRUMENTS,0,0,0,0,0,0,0,0,0,0,0,681,681.00,1,0.01%,0.00%,94.21%,100.00%
11.** **SHARE-BASED COMPENSATION,0,0,0,0,0,0,0,0,0,0,0,1493,1493.00,1,0.01%,0.00%,94.23%,100.00%
12.** **EMPLOYEE BENEFIT PLANS,0,0,0,0,0,0,0,0,0,0,0,145,145.00,1,0.00%,0.00%,94.23%,100.00%
15.** **COMMITMENTS AND CONTINGENCIES,0,0,0,0,0,0,0,0,0,0,0,1246,1246.00,1,0.01%,0.00%,94.24%,100.00%
16.** **RELATED PARTY TRANSACTIONS,0,0,0,0,0,0,0,0,0,0,0,168,168.00,1,0.00%,0.00%,94.24%,100.00%
18.** **REVISION OF PREVIOUSLY REPORTED FINANCIAL INFORMATION,0,0,0,0,0,0,0,0,0,0,0,342,342.00,1,0.00%,0.00%,94.24%,100.00%
19.** **SUBSEQUENT EVENTS,0,0,0,0,0,0,0,0,0,0,0,127,127.00,1,0.00%,0.00%,94.24%,100.00%
SUMMARY CORPORATE AND FINANCING STRUCTURE,0,0,0,0,0,0,0,0,0,0,0,10930,1561.43,7,0.10%,0.00%,94.34%,100.00%
SELECTED CONSOLIDATED FINANCIAL AND OTHER INFORMATION,0,0,0,0,0,0,0,0,0,0,0,8594,4297.00,2,0.08%,0.00%,94.42%,100.00%
WHERE YOU CAN FIND OTHER INFORMATION,0,0,0,0,0,0,0,0,0,0,0,1913,1913.00,1,0.02%,0.00%,94.44%,100.00%
"RECURRING OPERATING INCOME** . . . . . . . . . . . . . . . . . . . . . . . . . . . . . . . . . . . . **3,0",0,0,0,0,0,0,0,0,0,0,0,95,95.00,1,0.00%,0.00%,94.44%,100.00%
"OPERATING INCOME . . . . . . . . . . . . . . . . . . . . . . . . . . . . . . . . . . . . . . . . . . . . . . .** **3,0",0,0,0,0,0,0,0,0,0,0,0,1000,1000.00,1,0.01%,0.00%,94.45%,100.00%
"TOTAL NON-CURRENT ASSETS . . . . . . . . . . . . . . . . . . . . . . . . . . . . . . . . . . . .** **170,2",0,0,0,0,0,0,0,0,0,0,0,831,831.00,1,0.01%,0.00%,94.45%,100.00%
LEGAL ADVISORS TO THE ISSUER,0,0,0,0,0,0,0,0,0,0,0,302,33.56,9,0.00%,0.00%,94.46%,100.00%
PRELIMINARY OFFERING MEMORANDUM** **CONFIDENTIAL NOT FOR GENERAL CIRCULATION IN THE UNITED STATES,0,0,0,0,0,0,0,0,0,0,0,607,607.00,1,0.01%,0.00%,94.46%,100.00%
NOTICE TO INVESTORS IN THE UNITED KINGDOM,0,0,0,0,0,0,0,0,0,0,0,206,206.00,1,0.00%,0.00%,94.46%,100.00%
NOTICE REGARDING SERVICE OF PROCESS AND ENFORCEMENT OF JUDGMENTS,0,0,0,0,0,0,0,0,0,0,0,155,155.00,1,0.00%,0.00%,94.46%,100.00%
NOTES ON DEFINED TERMS USED IN THIS OFFERING MEMORANDUM,0,0,0,0,0,0,0,0,0,0,0,3707,3707.00,1,0.03%,0.00%,94.50%,100.00%
CORPORATE AND FINANCING STRUCTURE,0,0,0,0,0,0,0,0,0,0,0,2543,847.67,3,0.02%,0.00%,94.52%,100.00%
SUMMARY CONSOLIDATED FINANCIAL AND OTHER DATA OF ARDAGH GROUP S.A.,0,0,0,0,0,0,0,0,0,0,0,2558,2558.00,1,0.02%,0.00%,94.54%,100.00%
MAJOR SHAREHOLDERS AND RELATED PARTY INFORMATION,0,0,0,0,0,0,0,0,0,0,0,154,154.00,1,0.00%,0.00%,94.54%,100.00%
LEGAL ADVISERS TO THE ISSUERS AND THE GUARANTORS,0,0,0,0,0,0,0,0,0,0,0,37,37.00,1,0.00%,0.00%,94.54%,100.00%
LEGAL ADVISERS TO THE INITIAL PURCHASER,0,0,0,0,0,0,0,0,0,0,0,93,93.00,1,0.00%,0.00%,94.55%,100.00%
NO REVIEW BY THE SEC; NO REGISTRATION RIGHTS,0,0,0,0,0,0,0,0,0,0,0,1095,121.67,9,0.01%,0.00%,94.56%,100.00%
MARKET AND INDUSTRY DATA AND FORECASTS,0,0,0,0,0,0,0,0,0,0,0,518,172.67,3,0.00%,0.00%,94.56%,100.00%
EXCHANGE RATES,0,0,0,0,0,0,0,0,0,0,0,1596,399.00,4,0.01%,0.00%,94.57%,100.00%
CORPORATE INFORMATION,0,0,0,0,0,0,0,0,0,0,0,113,113.00,1,0.00%,0.00%,94.58%,100.00%
ROUNDING,0,0,0,0,0,0,0,0,0,0,0,64,64.00,1,0.00%,0.00%,94.58%,100.00%
BASIS OF PRESENTATION AND OTHER INFORMATION,0,0,0,0,0,0,0,0,0,0,0,1040,1040.00,1,0.01%,0.00%,94.59%,100.00%
NO SEC REVIEW; NO REGISTRATION RIGHTS,0,0,0,0,0,0,0,0,0,0,0,279,279.00,1,0.00%,0.00%,94.59%,100.00%
TRADEMARKS AND TRADENAMES,0,0,0,0,0,0,0,0,0,0,0,236,236.00,1,0.00%,0.00%,94.59%,100.00%
CERTAIN U.S. FEDERAL INCOME TAX CONSEQUENCES,0,0,0,0,0,0,0,0,0,0,0,3226,3226.00,1,0.03%,0.00%,94.62%,100.00%
INDEPENDENT AUDITOR,0,0,0,0,0,0,0,0,0,0,0,144,72.00,2,0.00%,0.00%,94.62%,100.00%
WHERE YOU CAN FIND ADDITIONAL INFORMATION; INCORPORATION BY REFERENCE,0,0,0,0,0,0,0,0,0,0,0,284,284.00,1,0.00%,0.00%,94.62%,100.00%
UNAUDITED PRO FORMA CONSOLIDATED FINANCIAL INFORMATION,0,0,0,0,0,0,0,0,0,0,0,3986,3986.00,1,0.04%,0.00%,94.66%,100.00%
SUMMARY HISTORICAL CONSOLIDATED FINANCIAL INFORMATION AND OTHER DATA,0,0,0,0,0,0,0,0,0,0,0,4436,4436.00,1,0.04%,0.00%,94.70%,100.00%
SELECTED HISTORICAL FINANCIAL DATA,0,0,0,0,0,0,0,0,0,0,0,1865,1865.00,1,0.02%,0.00%,94.71%,100.00%
LTIP 2015,0,0,0,0,0,0,0,0,0,0,0,54,54.00,1,0.00%,0.00%,94.72%,100.00%
LTIP 2016,0,0,0,0,0,0,0,0,0,0,0,80,80.00,1,0.00%,0.00%,94.72%,100.00%
LTIP 2017,0,0,0,0,0,0,0,0,0,0,0,55,55.00,1,0.00%,0.00%,94.72%,100.00%
"OFFERING MEMORANDUM , 2024",0,0,0,0,0,0,0,0,0,0,0,31,31.00,1,0.00%,0.00%,94.72%,100.00%
"TRADEMARKS, SERVICE MARKS AND TRADE NAMES",0,0,0,0,0,0,0,0,0,0,0,185,185.00,1,0.00%,0.00%,94.72%,100.00%
BASIS OF FINANCIAL PRESENTATION AND OTHER INFORMATION,0,0,0,0,0,0,0,0,0,0,0,446,446.00,1,0.00%,0.00%,94.72%,100.00%
NON-GAAP METRICS,0,0,0,0,0,0,0,0,0,0,0,111,111.00,1,0.00%,0.00%,94.72%,100.00%
PROSPECTIVE FINANCIAL INFORMATION,0,0,0,0,0,0,0,0,0,0,0,572,572.00,1,0.01%,0.00%,94.73%,100.00%
TRADEMARKS AND TRADE NAMES,0,0,0,0,0,0,0,0,0,0,0,1859,232.38,8,0.02%,0.00%,94.74%,100.00%
INDEPENDENT PUBLIC ACCOUNTING FIRM,0,0,0,0,0,0,0,0,0,0,0,55,55.00,1,0.00%,0.00%,94.75%,100.00%
"CLOUD SOFTWARE GROUP HOLDINGS, INC. CONSOLIDATED BALANCE SHEETS",0,0,0,0,0,0,0,0,0,0,0,242,242.00,1,0.00%,0.00%,94.75%,100.00%
"CLOUD SOFTWARE GROUP HOLDINGS, INC. CONSOLIDATED STATEMENTS OF OPERATIONS",0,0,0,0,0,0,0,0,0,0,0,224,224.00,1,0.00%,0.00%,94.75%,100.00%
"CLOUD SOFTWARE GROUP HOLDINGS, INC. CONSOLIDATED STATEMENTS OF COMPREHENSIVE LOSS",0,0,0,0,0,0,0,0,0,0,0,91,91.00,1,0.00%,0.00%,94.75%,100.00%
"CLOUD SOFTWARE GROUP HOLDINGS, INC. CONSOLIDATED STATEMENTS OF STOCKHOLDERS’/MEMBER’S EQUITY",0,0,0,0,0,0,0,0,0,0,0,204,204.00,1,0.00%,0.00%,94.75%,100.00%
"CLOUD SOFTWARE GROUP HOLDINGS, INC. CONSOLIDATED STATEMENTS OF CASH FLOWS",0,0,0,0,0,0,0,0,0,0,0,510,510.00,1,0.00%,0.00%,94.76%,100.00%
"CLOUD SOFTWARE GROUP HOLDINGS, INC. CONDENSED CONSOLIDATED BALANCE SHEETS",0,0,0,0,0,0,0,0,0,0,0,246,246.00,1,0.00%,0.00%,94.76%,100.00%
"CLOUD SOFTWARE GROUP HOLDINGS, INC. CONDENSED CONSOLIDATED STATEMENTS OF OPERATIONS",0,0,0,0,0,0,0,0,0,0,0,197,197.00,1,0.00%,0.00%,94.76%,100.00%
"CLOUD SOFTWARE GROUP HOLDINGS, INC. CONDENSED CONSOLIDATED STATEMENTS OF COMPREHENSIVE LOSS",0,0,0,0,0,0,0,0,0,0,0,82,82.00,1,0.00%,0.00%,94.76%,100.00%
"CLOUD SOFTWARE GROUP HOLDINGS, INC. CONDENSED CONSOLIDATED STATEMENTS OF CASH FLOWS",0,0,0,0,0,0,0,0,0,0,0,270,270.00,1,0.00%,0.00%,94.76%,100.00%
"CLOUD SOFTWARE GROUP HOLDINGS, INC. CONDENSED CONSOLIDATED STATEMENTS OF CASH FLOWS —(CONTINUED)",0,0,0,0,0,0,0,0,0,0,0,97,97.00,1,0.00%,0.00%,94.76%,100.00%
CONSOLIDATED INCOME STATEMENT FOR 2021,0,0,0,0,0,0,0,0,0,0,0,206,206.00,1,0.00%,0.00%,94.77%,100.00%
BALANCE SHEET,0,0,0,0,0,0,0,0,0,0,0,48,48.00,1,0.00%,0.00%,94.77%,100.00%
IDENTIFIED LIABILITIES,0,0,0,0,0,0,0,0,0,0,0,3834,3834.00,1,0.03%,0.00%,94.80%,100.00%
INDEPENDENT AUDITORS OF BOELS TOPHOLDING B.V.,0,0,0,0,0,0,0,0,0,0,0,135,135.00,1,0.00%,0.00%,94.80%,100.00%
BNP PARIBAS,0,0,0,0,0,0,0,0,0,0,0,3,3.00,1,0.00%,0.00%,94.80%,100.00%
THIS OFFERING MEMORANDUM CONTAINS IMPORTANT INFORMATION WHICH YOU SHOULD READ BEFORE YOU MAKE ANY DECISION WITH RESPECT TO AN INVESTMENT IN THE NOTES.,0,0,0,0,0,0,0,0,0,0,0,5,1.67,3,0.00%,0.00%,94.80%,100.00%
CORPORATE STRUCTURE AND CERTAIN FINANCING ARRANGEMENTS,0,0,0,0,0,0,0,0,0,0,0,3986,996.50,4,0.04%,0.00%,94.84%,100.00%
ISSUER PRESTIGEBIDCO GMBH,0,0,0,0,0,0,0,0,0,0,0,5,5.00,1,0.00%,0.00%,94.84%,100.00%
LEGAL ADVISORS TO THE TRUSTEE,0,0,0,0,0,0,0,0,0,0,0,17,17.00,1,0.00%,0.00%,94.84%,100.00%
LEGAL ADVISORS TO THE SECURITY AGENT,0,0,0,0,0,0,0,0,0,0,0,45,45.00,1,0.00%,0.00%,94.84%,100.00%
OFFERING MEMORANDUM,0,0,0,0,0,0,0,0,0,0,0,44,11.00,4,0.00%,0.00%,94.84%,100.00%
EMTN PROGRAMME PROSPECTUS,0,0,0,0,0,0,0,0,0,0,0,12,12.00,1,0.00%,0.00%,94.84%,100.00%
GENERAL DESCRIPTION OF THE PROGRAMME,0,0,0,0,0,0,0,0,0,0,0,818,409.00,2,0.01%,0.00%,94.85%,100.00%
DOCUMENTS INCORPORATED BY REFERENCE,0,0,0,0,0,0,0,0,0,0,0,2332,777.33,3,0.02%,0.00%,94.87%,100.00%
FORM OF THE NOTES,0,0,0,0,0,0,0,0,0,0,0,1342,1342.00,1,0.01%,0.00%,94.88%,100.00%
PROVISIONS RELATING TO INTEREST (IF ANY) PAYABLE,0,0,0,0,0,0,0,0,0,0,0,1384,692.00,2,0.01%,0.00%,94.89%,100.00%
PROVISIONS RELATING TO REDEMPTION,0,0,0,0,0,0,0,0,0,0,0,826,413.00,2,0.01%,0.00%,94.90%,100.00%
GENERAL PROVISIONS APPLICABLE TO THE NOTES,0,0,0,0,0,0,0,0,0,0,0,420,210.00,2,0.00%,0.00%,94.90%,100.00%
THIRD PARTY INFORMATION,0,0,0,0,0,0,0,0,0,0,0,140,140.00,1,0.00%,0.00%,94.90%,100.00%
6.** **OPERATIONAL INFORMATION,0,0,0,0,0,0,0,0,0,0,0,318,318.00,1,0.00%,0.00%,94.91%,100.00%
7.** **DISTRIBUTION,0,0,0,0,0,0,0,0,0,0,0,65,65.00,1,0.00%,0.00%,94.91%,100.00%
"1.** **FORM, DENOMINATION AND TITLE",0,0,0,0,0,0,0,0,0,0,0,1165,582.50,2,0.01%,0.00%,94.92%,100.00%
9.** **PRESCRIPTION,0,0,0,0,0,0,0,0,0,0,0,1115,557.50,2,0.01%,0.00%,94.93%,100.00%
"11.** **REPLACEMENT OF NOTES, COUPONS AND TALONS",0,0,0,0,0,0,0,0,0,0,0,74,74.00,1,0.00%,0.00%,94.93%,100.00%
12.** **AGENTS,0,0,0,0,0,0,0,0,0,0,0,323,323.00,1,0.00%,0.00%,94.93%,100.00%
13.** **EXCHANGE OF TALONS,0,0,0,0,0,0,0,0,0,0,0,87,87.00,1,0.00%,0.00%,94.93%,100.00%
16.** **INDEMNIFICATION OF THE TRUSTEE AND TRUSTEE CONTRACTING WITH THE ISSUER AND/OR THE GUARANTOR,0,0,0,0,0,0,0,0,0,0,0,181,181.00,1,0.00%,0.00%,94.93%,100.00%
17.** **FURTHER ISSUES,0,0,0,0,0,0,0,0,0,0,0,566,566.00,1,0.01%,0.00%,94.94%,100.00%
2.** **THE ITALIAN REGULATORY FRAMEWORK,0,0,0,0,0,0,0,0,0,0,0,1,1.00,1,0.00%,0.00%,94.94%,100.00%
6.** **RETAIL MARKETS,0,0,0,0,0,0,0,0,0,0,0,1,1.00,1,0.00%,0.00%,94.94%,100.00%
7.** **QUALITY OF SERVICES,0,0,0,0,0,0,0,0,0,0,0,1,1.00,1,0.00%,0.00%,94.94%,100.00%
10.** **BROADBAND AND DIGITAL DIVIDE,0,0,0,0,0,0,0,0,0,0,0,1,1.00,1,0.00%,0.00%,94.94%,100.00%
LEGAL ADVISERS,0,0,0,0,0,0,0,0,0,0,0,250,125.00,2,0.00%,0.00%,94.94%,100.00%
AUDITORS,0,0,0,0,0,0,0,0,0,0,0,26,26.00,1,0.00%,0.00%,94.94%,100.00%
PRESENTATION OF FINANCIAL AND OTHER DATA,0,0,0,0,0,0,0,0,0,0,0,1931,1931.00,1,0.02%,0.00%,94.96%,100.00%
DEFINED TERMS,0,0,0,0,0,0,0,0,0,0,0,8892,2964.00,3,0.08%,0.00%,95.04%,100.00%
CURRENCY PRESENTATION,0,0,0,0,0,0,0,0,0,0,0,167,83.50,2,0.00%,0.00%,95.04%,100.00%
PRINCIPAL SHAREHOLDER,0,0,0,0,0,0,0,0,0,0,0,142,142.00,1,0.00%,0.00%,95.04%,100.00%
LEGAL ADVISORS TO THE INITIAL PURCHASER,0,0,0,0,0,0,0,0,0,0,0,174,58.00,3,0.00%,0.00%,95.04%,100.00%
SUMMARY HISTORICAL CONSOLIDATED AND COMBINED FINANCIAL INFORMATION,0,0,0,0,0,0,0,0,0,0,0,2013,2013.00,1,0.02%,0.00%,95.06%,100.00%
TRADEMARKS AND COPYRIGHTS,0,0,0,0,0,0,0,0,0,0,0,356,178.00,2,0.00%,0.00%,95.06%,100.00%
UNAUDITED PRO FORMA FINANCIAL INFORMATION OF PETSMART,0,0,0,0,0,0,0,0,0,0,0,1456,1456.00,1,0.01%,0.00%,95.08%,100.00%
SECURITY OWNERSHIP,0,0,0,0,0,0,0,0,0,0,0,3790,1895.00,2,0.03%,0.00%,95.11%,100.00%
INDEPENDENT AUDITORS’ REPORT,0,0,0,0,0,0,0,0,0,0,0,514,514.00,1,0.00%,0.00%,95.12%,100.00%
CURRENCY PRESENTATION AND EXCHANGE RATE INFORMATION,0,0,0,0,0,0,0,0,0,0,0,3112,778.00,4,0.03%,0.00%,95.14%,100.00%
RELATED PARTY TRANSACTIONS,0,0,0,0,0,0,0,0,0,0,0,2139,713.00,3,0.02%,0.00%,95.16%,100.00%
ANNEX A—SUMMARY OF CERTAIN DIFFERENCES BETWEEN IFRS AND U.S. GAAP,0,0,0,0,0,0,0,0,0,0,0,313,313.00,1,0.00%,0.00%,95.17%,100.00%
US GAAP,0,0,0,0,0,0,0,0,0,0,0,4192,4192.00,1,0.04%,0.00%,95.20%,100.00%
IFRS,0,0,0,0,0,0,0,0,0,0,0,64,64.00,1,0.00%,0.00%,95.20%,100.00%
PRELIMINARY OFFERING MEMORANDUM,0,0,0,0,0,0,0,0,0,0,0,76,19.00,4,0.00%,0.00%,95.20%,100.00%
BASIS OF PRESENTATION,0,0,0,0,0,0,0,0,0,0,0,5746,1436.50,4,0.05%,0.00%,95.26%,100.00%
CERTAIN TRADEMARKS,0,0,0,0,0,0,0,0,0,0,0,185,185.00,1,0.00%,0.00%,95.26%,100.00%
ISIN:,0,0,0,0,0,0,0,0,0,0,0,122,122.00,1,0.00%,0.00%,95.26%,100.00%
CERTAIN TERMS USED IN THIS OFFERING MEMORANDUM,0,0,0,0,0,0,0,0,0,0,0,171,171.00,1,0.00%,0.00%,95.26%,100.00%
"THE SECURITIES OFFERED HEREBY HAVE NOT BEEN RECOMMENDED BY ANY UNITED STATES FEDERAL OR STATE SECURITIES COMMISSION OR REGULATORY AUTHORITY. FURTHERMORE, THE FOREGOING AUTHORITIES HAVE NOT CONFIRMED THE ACCURACY OR DETERMINED THE ADEQUACY OF THIS DOCUMENT. ANY REPRESENTATION TO THE CONTRARY IS A CRIMINAL OFFENSE.",0,0,0,0,0,0,0,0,0,0,0,79,39.50,2,0.00%,0.00%,95.26%,100.00%
"MARKET, RANKING AND OTHER INDUSTRY DATA",0,0,0,0,0,0,0,0,0,0,0,694,347.00,2,0.01%,0.00%,95.27%,100.00%
TRADEMARKS AND SERVICE MARKS,0,0,0,0,0,0,0,0,0,0,0,222,111.00,2,0.00%,0.00%,95.27%,100.00%
SUMMARY HISTORICAL CONDENSED CONSOLIDATED FINANCIAL INFORMATION,0,0,0,0,0,0,0,0,0,0,0,4403,4403.00,1,0.04%,0.00%,95.31%,100.00%
SELECTED CONSOLIDATED HISTORICAL FINANCIAL INFORMATION,0,0,0,0,0,0,0,0,0,0,0,946,946.00,1,0.01%,0.00%,95.32%,100.00%
NAME** **AGE** **POSITION,0,0,0,0,0,0,0,0,0,0,0,1454,1454.00,1,0.01%,0.00%,95.33%,100.00%
PRINCIPAL STOCKHOLDER,0,0,0,0,0,0,0,0,0,0,0,56,56.00,1,0.00%,0.00%,95.33%,100.00%
RELATED PERSON TRANSACTIONS,0,0,0,0,0,0,0,0,0,0,0,1049,1049.00,1,0.01%,0.00%,95.34%,100.00%
CERTAIN U.S. FEDERAL INCOME TAX CONSIDERATIONS FOR NON-U.S. HOLDERS,0,0,0,0,0,0,0,0,0,0,0,223,223.00,1,0.00%,0.00%,95.34%,100.00%
THE REFINANCING AND CERTAIN RELATED TRANSACTIONS,0,0,0,0,0,0,0,0,0,0,0,1246,1246.00,1,0.01%,0.00%,95.35%,100.00%
OVERVIEW OF OUR CORPORATE AND FINANCING STRUCTURE,0,0,0,0,0,0,0,0,0,0,0,4679,2339.50,2,0.04%,0.00%,95.40%,100.00%
SELECTED FINANCIAL AND OTHER INFORMATION,0,0,0,0,0,0,0,0,0,0,0,5091,2545.50,2,0.05%,0.00%,95.44%,100.00%
OFF-BALANCE SHEET ARRANGEMENTS,0,0,0,0,0,0,0,0,0,0,0,2649,1324.50,2,0.02%,0.00%,95.46%,100.00%
INDUSTRY AND COMPETITION,0,0,0,0,0,0,0,0,0,0,0,472,236.00,2,0.00%,0.00%,95.47%,100.00%
SALES AND MARKETING,0,0,0,0,0,0,0,0,0,0,0,521,260.50,2,0.00%,0.00%,95.47%,100.00%
EMPLOYEES,0,0,0,0,0,0,0,0,0,0,0,396,198.00,2,0.00%,0.00%,95.48%,100.00%
LEGAL PROCEEDINGS,0,0,0,0,0,0,0,0,0,0,0,176,88.00,2,0.00%,0.00%,95.48%,100.00%
SHAREHOLDERS,0,0,0,0,0,0,0,0,0,0,0,368,184.00,2,0.00%,0.00%,95.48%,100.00%
AMENDED AND RESTATED SENIOR SECURED PLN FACILITIES,0,0,0,0,0,0,0,0,0,0,0,2225,2225.00,1,0.02%,0.00%,95.50%,100.00%
SENIOR SECURED GBP FACILITY,0,0,0,0,0,0,0,0,0,0,0,271,271.00,1,0.00%,0.00%,95.50%,100.00%
EXISTING NOTES,0,0,0,0,0,0,0,0,0,0,0,353,176.50,2,0.00%,0.00%,95.51%,100.00%
CERTAIN INSOLVENCY LAW CONSIDERATIONS AND LIMITATIONS ON THE VALIDITY AND ENFORCEABILITY OF THE GUARANTEES AND SECURITY INTERESTS,0,0,0,0,0,0,0,0,0,0,0,132,66.00,2,0.00%,0.00%,95.51%,100.00%
CZECH REPUBLIC,0,0,0,0,0,0,0,0,0,0,0,240,120.00,2,0.00%,0.00%,95.51%,100.00%
ACTION BY OWNERS OF BOOK-ENTRY INTERESTS,0,0,0,0,0,0,0,0,0,0,0,246,123.00,2,0.00%,0.00%,95.51%,100.00%
B.** **SIGNIFICANT BUSINESS TRANSACTIONS,0,0,0,0,0,0,0,0,0,0,0,559,559.00,1,0.01%,0.00%,95.52%,100.00%
C.** **BASIS OF CONSOLIDATION,0,0,0,0,0,0,0,0,0,0,0,678,339.00,2,0.01%,0.00%,95.52%,100.00%
OFFERING MEMORANDUM** **CONFIDENTIAL,0,0,0,0,0,0,0,0,0,0,0,1295,1295.00,1,0.01%,0.00%,95.54%,100.00%
ABOUT THIS OFFERING MEMORANDUM,0,0,0,0,0,0,0,0,0,0,0,176,176.00,1,0.00%,0.00%,95.54%,100.00%
ENFORCEMENT OF CIVIL LIABILITIES,0,0,0,0,0,0,0,0,0,0,0,200,200.00,1,0.00%,0.00%,95.54%,100.00%
CURRENCY AND EXCHANGE RATE INFORMATION,0,0,0,0,0,0,0,0,0,0,0,77,77.00,1,0.00%,0.00%,95.54%,100.00%
PRESENTATION OF FINANCIAL INFORMATION - AKUMIN,0,0,0,0,0,0,0,0,0,0,0,184,184.00,1,0.00%,0.00%,95.54%,100.00%
PRESENTATION OF FINANCIAL INFORMATION - ALLIANCE,0,0,0,0,0,0,0,0,0,0,0,16,16.00,1,0.00%,0.00%,95.54%,100.00%
NON-GAAP MEASURES - AKUMIN,0,0,0,0,0,0,0,0,0,0,0,682,682.00,1,0.01%,0.00%,95.55%,100.00%
NON-GAAP INFORMATION - ALLIANCE,0,0,0,0,0,0,0,0,0,0,0,523,523.00,1,0.00%,0.00%,95.55%,100.00%
INTERNET INFORMATION,0,0,0,0,0,0,0,0,0,0,0,31,31.00,1,0.00%,0.00%,95.55%,100.00%
SUMMARY HISTORICAL CONSOLIDATED FINANCIAL INFORMATION AND OTHER DATA - ALLIANCE,0,0,0,0,0,0,0,0,0,0,0,1076,1076.00,1,0.01%,0.00%,95.56%,100.00%
UNAUDITED PRO FORMA COMBINED FINANCIAL INFORMATION,0,0,0,0,0,0,0,0,0,0,0,6564,3282.00,2,0.06%,0.00%,95.62%,100.00%
DIRECTORS AND MANAGEMENT,0,0,0,0,0,0,0,0,0,0,0,2362,2362.00,1,0.02%,0.00%,95.64%,100.00%
TRANSFER RESTRICTIONS AND CERTAIN NOTICES TO INVESTORS,0,0,0,0,0,0,0,0,0,0,0,2129,2129.00,1,0.02%,0.00%,95.66%,100.00%
CURRENCY PRESENTATION AND EXCHANGE RATE DATA,0,0,0,0,0,0,0,0,0,0,0,356,356.00,1,0.00%,0.00%,95.66%,100.00%
TRADEMARKS,0,0,0,0,0,0,0,0,0,0,0,581,193.67,3,0.01%,0.00%,95.67%,100.00%
SUMMARY HISTORICAL CONSOLIDATED AND PRO FORMA CONDENSED CONSOLIDATED FINANCIAL AND OPERATIONAL DATA,0,0,0,0,0,0,0,0,0,0,0,2773,2773.00,1,0.02%,0.00%,95.69%,100.00%
UNAUDITED PRO FORMA CONDENSED CONSOLIDATED FINANCIAL INFORMATION,0,0,0,0,0,0,0,0,0,0,0,6544,3272.00,2,0.06%,0.00%,95.75%,100.00%
LIABILITIES AND STOCKHOLDERS’ EQUITY (DEFICIT),0,0,0,0,0,0,0,0,0,0,0,4515,4515.00,1,0.04%,0.00%,95.79%,100.00%
"IN MAKING AN INVESTMENT DECISION, YOU MUST RELY ON YOUR OWN EXAMINATION OF OUR BUSINESS AND THE TERMS OF THE OFFERING, INCLUDING THE MERITS AND RISKS INVOLVED. IN MAKING YOUR PURCHASE, YOU WILL BE DEEMED TO HAVE MADE CERTAIN ACKNOWLEDGMENTS, REPRESENTATIONS AND AGREEMENTS SET FORTH IN THIS OFFERING CIRCULAR UNDER THE CAPTION “NOTICE TO INVESTORS.” THE NOTES ARE SUBJECT TO RESTRICTIONS ON TRANSFERABILITY AND RESALE AND MAY NOT BE TRANSFERRED OR RESOLD EXCEPT AS PERMITTED UNDER THE SECURITIES ACT AND RELATED RULES AND REGULATIONS AND APPLICABLE STATE SECURITIES LAWS. YOU SHOULD BE AWARE THAT YOU MAY BE REQUIRED TO BEAR THE FINANCIAL RISKS OF THIS INVESTMENT FOR AN INDEFINITE PERIOD OF TIME. THE INITIAL PURCHASERS MAKE NO REPRESENTATION OR WARRANTY, EXPRESS OR IMPLIED, AS TO THE ACCURACY OR COMPLETENESS OF THE INFORMATION SET FORTH IN THIS OFFERING CIRCULAR, AND NOTHING CONTAINED IN THIS OFFERING CIRCULAR IS, OR SHALL BE RELIED UPON AS, A PROMISE OR REPRESENTATION, WHETHER AS TO THE PAST OR THE FUTURE. THE INITIAL PURCHASERS DO NOT ASSUME ANY RESPONSIBILITY FOR",0,0,0,0,0,0,0,0,0,0,0,2,2.00,1,0.00%,0.00%,95.79%,100.00%
"MARKET, INDUSTRY AND OTHER DATA",0,0,0,0,0,0,0,0,0,0,0,434,217.00,2,0.00%,0.00%,95.80%,100.00%
CERTAIN TERMS USED IN THIS OFFERING CIRCULAR,0,0,0,0,0,0,0,0,0,0,0,1809,904.50,2,0.02%,0.00%,95.81%,100.00%
USE OF NON-GAAP FINANCIAL INFORMATION,0,0,0,0,0,0,0,0,0,0,0,621,621.00,1,0.01%,0.00%,95.82%,100.00%
"LABL, INC. NOTES TO THE UNAUDITED PRO FORMA COMBINED FINANCIAL INFORMATION",0,0,0,0,0,0,0,0,0,0,0,5649,5649.00,1,0.05%,0.00%,95.87%,100.00%
"LABL, INC. AND SUBSIDIARIES CONSOLIDATED STATEMENTS OF OPERATIONS",0,0,0,0,0,0,0,0,0,0,0,405,405.00,1,0.00%,0.00%,95.87%,100.00%
"LABL, INC. AND SUBSIDIARIES CONSOLIDATED STATEMENTS OF COMPREHENSIVE (LOSS) INCOME",0,0,0,0,0,0,0,0,0,0,0,288,288.00,1,0.00%,0.00%,95.88%,100.00%
"LABL, INC. AND SUBSIDIARIES CONSOLIDATED BALANCE SHEETS",0,0,0,0,0,0,0,0,0,0,0,1376,1376.00,1,0.01%,0.00%,95.89%,100.00%
"LABL, INC. AND SUBSIDIARIES CONSOLIDATED STATEMENTS OF STOCKHOLDERS’ EQUITY",0,0,0,0,0,0,0,0,0,0,0,572,572.00,1,0.01%,0.00%,95.89%,100.00%
"LABL, INC. AND SUBSIDIARIES CONSOLIDATED STATEMENTS OF CASH FLOWS",0,0,0,0,0,0,0,0,0,0,0,465,465.00,1,0.00%,0.00%,95.90%,100.00%
CASH FLOWS FROM INVESTING ACTIVITIES:,0,0,0,0,0,0,0,0,0,0,0,500,500.00,1,0.00%,0.00%,95.90%,100.00%
CASH FLOWS FROM OPERATING ACTIVITIES:,0,0,0,0,0,0,0,0,0,0,0,628,628.00,1,0.01%,0.00%,95.91%,100.00%
"LABL, INC. AND SUBSIDIARIES CONDENSED CONSOLIDATED STATEMENTS OF OPERATIONS",0,0,0,0,0,0,0,0,0,0,0,433,433.00,1,0.00%,0.00%,95.91%,100.00%
"LABL, INC. AND SUBSIDIARIES CONDENSED CONSOLIDATED STATEMENTS OF COMPREHENSIVE LOSS",0,0,0,0,0,0,0,0,0,0,0,248,248.00,1,0.00%,0.00%,95.91%,100.00%
"LABL, INC. AND SUBSIDIARIES CONDENSED CONSOLIDATED BALANCE SHEETS",0,0,0,0,0,0,0,0,0,0,0,1380,1380.00,1,0.01%,0.00%,95.93%,100.00%
"LABL, INC. AND SUBSIDIARIES CONDENSED CONSOLIDATED STATEMENTS OF STOCKHOLDERS’ EQUITY",0,0,0,0,0,0,0,0,0,0,0,336,336.00,1,0.00%,0.00%,95.93%,100.00%
"LABL, INC. AND SUBSIDIARIES CONDENSED CONSOLIDATED STATEMENTS OF CASH FLOWS",0,0,0,0,0,0,0,0,0,0,0,631,631.00,1,0.01%,0.00%,95.93%,100.00%
LANGUAGE OF DOCUMENTS,0,0,0,0,0,0,0,0,0,0,0,73,73.00,1,0.00%,0.00%,95.94%,100.00%
CONCURRENT OFFERING,0,0,0,0,0,0,0,0,0,0,0,159,159.00,1,0.00%,0.00%,95.94%,100.00%
"THESE SECURITIES ARE SUBJECT TO RESTRICTIONS ON TRANSFERABILITY AND RESALE AND MAY NOT BE TRANSFERRED OR RESOLD EXCEPT AS PERMITTED UNDER THE SECURITIES ACT, APPLICABLE STATE SECURITIES LAWS AND APPLICABLE",0,0,0,0,0,0,0,0,0,0,0,2,2.00,1,0.00%,0.00%,95.94%,100.00%
"TRADEMARKS, TRADE NAMES AND COPYRIGHTS",0,0,0,0,0,0,0,0,0,0,0,116,116.00,1,0.00%,0.00%,95.94%,100.00%
"SHARE, RANKING AND SIMILAR INFORMATION",0,0,0,0,0,0,0,0,0,0,0,779,779.00,1,0.01%,0.00%,95.94%,100.00%
UNAUDITED PRO FORMA CONDENSED COMBINED FINANCIAL INFORMATION,0,0,0,0,0,0,0,0,0,0,0,2886,1443.00,2,0.03%,0.00%,95.97%,100.00%
NOTES TO UNAUDITED PRO FORMA CONDENSED COMBINED BALANCE SHEET,0,0,0,0,0,0,0,0,0,0,0,3707,3707.00,1,0.03%,0.00%,96.00%,100.00%
NOTES TO UNAUDITED PRO FORMA CONDENSED COMBINED STATEMENT OF OPERATIONS,0,0,0,0,0,0,0,0,0,0,0,1291,1291.00,1,0.01%,0.00%,96.02%,100.00%
SELECTED COMBINED HISTORICAL FINANCIAL INFORMATION,0,0,0,0,0,0,0,0,0,0,0,958,958.00,1,0.01%,0.00%,96.02%,100.00%
DIVERSEY BUSINESS,0,0,0,0,0,0,0,0,0,0,0,1339,1339.00,1,0.01%,0.00%,96.04%,100.00%
CONFIDENTIAL** **NOT FOR GENERAL CIRCULATION PRELIMINARY OFFERING MEMORANDUM** **IN THE UNITED STATES,0,0,0,0,0,0,0,0,0,0,0,985,985.00,1,0.01%,0.00%,96.04%,100.00%
"THIS OFFERING MEMORANDUM CONTAINS IMPORTANT INFORMATION, WHICH YOU SHOULD READ BEFORE YOU MAKE ANY DECISION WITH RESPECT TO AN INVESTMENT IN THE NOTES.",0,0,0,0,0,0,0,0,0,0,0,1,1.00,1,0.00%,0.00%,96.04%,100.00%
OUR CORPORATE AND FINANCING STRUCTURE,0,0,0,0,0,0,0,0,0,0,0,2752,2752.00,1,0.02%,0.00%,96.07%,100.00%
SUMMARY HISTORICAL FINANCIAL AND OTHER DATA OF ACURIS INTERNATIONAL LIMITED,0,0,0,0,0,0,0,0,0,0,0,3046,3046.00,1,0.03%,0.00%,96.10%,100.00%
SUMMARY UNAUDITED PRO FORMA COMBINED FINANCIAL INFORMATION,0,0,0,0,0,0,0,0,0,0,0,5465,5465.00,1,0.05%,0.00%,96.15%,100.00%
SELECTED HISTORICAL FINANCIAL DATA OF THE PARENT GUARANTOR,0,0,0,0,0,0,0,0,0,0,0,1185,1185.00,1,0.01%,0.00%,96.16%,100.00%
SELECTED HISTORICAL FINANCIAL DATA OF ACURIS,0,0,0,0,0,0,0,0,0,0,0,2792,2792.00,1,0.03%,0.00%,96.18%,100.00%
GLOSSARY AND TECHNICAL TERMS,0,0,0,0,0,0,0,0,0,0,0,5755,5755.00,1,0.05%,0.00%,96.23%,100.00%
ASSETS EMPLOYED,0,0,0,0,0,0,0,0,0,0,0,563,563.00,1,0.01%,0.00%,96.24%,100.00%
"THIS OFFERING MEMORANDUM CONTAINS IMPORTANT INFORMATION, WHICH YOU SHOULD READ BEFORE YOU MAKE ANY DECISION WITH RESPECT TO AN INVESTMENT IN THE NEW NOTES.",0,0,0,0,0,0,0,0,0,0,0,1,1.00,1,0.00%,0.00%,96.24%,100.00%
CERTAIN LIMITATIONS ON THE VALIDITY AND ENFORCEABILITY OF THE NOTES GUARANTEES AND THE COLLATERAL,0,0,0,0,0,0,0,0,0,0,0,6889,6889.00,1,0.06%,0.00%,96.30%,100.00%
CONDENSED CONSOLIDATED INTERIM** **STATEMENT OF FINANCIAL POSITION,0,0,0,0,0,0,0,0,0,0,0,11,11.00,1,0.00%,0.00%,96.30%,100.00%
SELECTED EXPLANATORY NOTES TO THE CONDENSED CONSOLIDATED INTERIM FINANCIAL STATEMENTS,0,0,0,0,0,0,0,0,0,0,0,2689,2689.00,1,0.02%,0.00%,96.32%,100.00%
I-LOGIC** **TECHNOLOGIES** **BIDCO** **LIMITED COMPANY INFORMATION,0,0,0,0,0,0,0,0,0,0,0,12369,12369.00,1,0.11%,0.00%,96.43%,100.00%
COMPANY INFORMATION,0,0,0,0,0,0,0,0,0,0,0,8711,4355.50,2,0.08%,0.00%,96.51%,100.00%
DISTRIBUTION,0,0,0,0,0,0,0,0,0,0,0,78,78.00,1,0.00%,0.00%,96.51%,100.00%
PURPOSE OF FINAL TERMS,0,0,0,0,0,0,0,0,0,0,0,36,36.00,1,0.00%,0.00%,96.51%,100.00%
RESPONSIBILITY,0,0,0,0,0,0,0,0,0,0,0,76,76.00,1,0.00%,0.00%,96.51%,100.00%
ISSUE/OFFER,0,0,0,0,0,0,0,0,0,0,0,115,115.00,1,0.00%,0.00%,96.52%,100.00%
EXPENSES,0,0,0,0,0,0,0,0,0,0,0,205,205.00,1,0.00%,0.00%,96.52%,100.00%
"INDEX/FORMULA/OTHER VARIABLE, EXPLANATION OF EFFECT ON VALUE OF INVESTMENT** **AND** **ASSOCIATED** **RISKS** **AND** **OTHER** **INFORMATION CONCERNING THE UNDERLYING",0,0,0,0,0,0,0,0,0,0,0,197,197.00,1,0.00%,0.00%,96.52%,100.00%
REGISTERED OFFICE OF THE ISSUER TDC A/S,0,0,0,0,0,0,0,0,0,0,0,97,97.00,1,0.00%,0.00%,96.52%,100.00%
OFFERING MEMORANDUM** **NOT FOR GENERAL CIRCULATION IN THE UNITED STATES,0,0,0,0,0,0,0,0,0,0,0,1318,1318.00,1,0.01%,0.00%,96.53%,100.00%
PRESENTATION OF FINANCIAL AND NON-IFRS FINANCIAL MEASURES,0,0,0,0,0,0,0,0,0,0,0,1568,1568.00,1,0.01%,0.00%,96.55%,100.00%
EXCHANGE RATE INFORMATION,0,0,0,0,0,0,0,0,0,0,0,5591,1118.20,5,0.05%,0.00%,96.60%,100.00%
TAX CONSIDERATIONS,0,0,0,0,0,0,0,0,0,0,0,77,77.00,1,0.00%,0.00%,96.60%,100.00%
SUMMARY HISTORICAL CONDENSED COMBINED FINANCIAL INFORMATION AND OTHER FINANCIAL DATA,0,0,0,0,0,0,0,0,0,0,0,1964,1964.00,1,0.02%,0.00%,96.61%,100.00%
SUSTAINABILITY-LINKED FINANCING FRAMEWORK,0,0,0,0,0,0,0,0,0,0,0,5635,5635.00,1,0.05%,0.00%,96.66%,100.00%
SELECTED HISTORICAL FINANCIAL INFORMATION,0,0,0,0,0,0,0,0,0,0,0,13422,3355.50,4,0.12%,0.00%,96.78%,100.00%
OUR SHAREHOLDER,0,0,0,0,0,0,0,0,0,0,0,526,526.00,1,0.00%,0.00%,96.79%,100.00%
GLOSSARY OF KEY DEFINED TERMS,0,0,0,0,0,0,0,0,0,0,0,62,62.00,1,0.00%,0.00%,96.79%,100.00%
CAPITALISATION,0,0,0,0,0,0,0,0,0,0,0,283,283.00,1,0.00%,0.00%,96.79%,100.00%
BUSINESS OVERVIEW OF HEATHROW AIRPORT,0,0,0,0,0,0,0,0,0,0,0,921,921.00,1,0.01%,0.00%,96.80%,100.00%
SUPPLIERS,0,0,0,0,0,0,0,0,0,0,0,316,316.00,1,0.00%,0.00%,96.80%,100.00%
COMPETITION,0,0,0,0,0,0,0,0,0,0,0,200,200.00,1,0.00%,0.00%,96.81%,100.00%
SHARED SERVICES,0,0,0,0,0,0,0,0,0,0,0,70,70.00,1,0.00%,0.00%,96.81%,100.00%
PENSIONS,0,0,0,0,0,0,0,0,0,0,0,1020,1020.00,1,0.01%,0.00%,96.81%,100.00%
DIRECTORS AND SENIOR MANAGEMENT OF HEATHROW AIRPORT HOLDINGS BOARD OF DIRECTORS OF HEATHROW AIRPORT HOLDINGS,0,0,0,0,0,0,0,0,0,0,0,1183,1183.00,1,0.01%,0.00%,96.83%,100.00%
ISSUER FACILITIES,0,0,0,0,0,0,0,0,0,0,0,5206,5206.00,1,0.05%,0.00%,96.87%,100.00%
TERMS AND CONDITIONS OF THE NOTES IN DEFINITIVE FORM,0,0,0,0,0,0,0,0,0,0,0,809,809.00,1,0.01%,0.00%,96.88%,100.00%
2.** **STATUS,0,0,0,0,0,0,0,0,0,0,0,58,58.00,1,0.00%,0.00%,96.88%,100.00%
3.** **SECURITY,0,0,0,0,0,0,0,0,0,0,0,1206,1206.00,1,0.01%,0.00%,96.89%,100.00%
5.** **THE INTERCREDITOR AGREEMENT,0,0,0,0,0,0,0,0,0,0,0,338,338.00,1,0.00%,0.00%,96.89%,100.00%
6.** **INTEREST,0,0,0,0,0,0,0,0,0,0,0,475,475.00,1,0.00%,0.00%,96.90%,100.00%
11.** **EVENTS OF DEFAULT,0,0,0,0,0,0,0,0,0,0,0,1786,1786.00,1,0.02%,0.00%,96.91%,100.00%
12.** **ENFORCEMENT OF SECURITY,0,0,0,0,0,0,0,0,0,0,0,556,556.00,1,0.00%,0.00%,96.92%,100.00%
13.** **NOTEHOLDER ACTION,0,0,0,0,0,0,0,0,0,0,0,661,661.00,1,0.01%,0.00%,96.92%,100.00%
14.** **SUBSTITUTION,0,0,0,0,0,0,0,0,0,0,0,326,326.00,1,0.00%,0.00%,96.93%,100.00%
17.** **THE TRUSTEE,0,0,0,0,0,0,0,0,0,0,0,958,958.00,1,0.01%,0.00%,96.94%,100.00%
"18.** **NO PERSONAL LIABILITY OF DIRECTORS, OFFICERS, EMPLOYEES AND SHAREHOLDERS",0,0,0,0,0,0,0,0,0,0,0,196,196.00,1,0.00%,0.00%,96.94%,100.00%
19.** **FURTHER ISSUES,0,0,0,0,0,0,0,0,0,0,0,214,214.00,1,0.00%,0.00%,96.94%,100.00%
22.** **GOVERNING LAW,0,0,0,0,0,0,0,0,0,0,0,78,78.00,1,0.00%,0.00%,96.94%,100.00%
23.** **RIGHTS OF THIRD PARTIES,0,0,0,0,0,0,0,0,0,0,0,90,90.00,1,0.00%,0.00%,96.94%,100.00%
PROSPECTUS,0,0,0,0,0,0,0,0,0,0,0,1892,1892.00,1,0.02%,0.00%,96.96%,100.00%
IV** **- CONSOLIDATED STATEMENT OF CHANGES IN EQUITY,0,0,0,0,0,0,0,0,0,0,0,1104,1104.00,1,0.01%,0.00%,96.97%,100.00%
NOTE 9.** **LITIGATION AND CONTINGENT LIABILITIES,0,0,0,0,0,0,0,0,0,0,0,276,276.00,1,0.00%,0.00%,96.97%,100.00%
NOTE 10. SUBSEQUENT EVENTS,0,0,0,0,0,0,0,0,0,0,0,366,366.00,1,0.00%,0.00%,96.97%,100.00%
NOTE 11. FEES PAID TO STATUTORY AUDITORS,0,0,0,0,0,0,0,0,0,0,0,46,46.00,1,0.00%,0.00%,96.97%,100.00%
NOTE 12. LIST OF CONSOLIDATED COMPANIES,0,0,0,0,0,0,0,0,0,0,0,2332,2332.00,1,0.02%,0.00%,97.00%,100.00%
LEGAL ADVISORS TO THE SENIOR SECURED NOTES ISSUER,0,0,0,0,0,0,0,0,0,0,0,45,45.00,1,0.00%,0.00%,97.00%,100.00%
DESCRIPTION OF THE SENIOR NOTES,0,0,0,0,0,0,0,0,0,0,0,86393,86393.00,1,0.77%,0.00%,97.77%,100.00%
CERTAIN INSOLVENCY LAW CONSIDERATIONS AND LIMITATIONS ON THE VALIDITY AND ENFORCEABILITY OF THE NOTE GUARANTEES AND SECURITY INTERESTS,0,0,0,0,0,0,0,0,0,0,0,26843,26843.00,1,0.24%,0.00%,98.01%,100.00%
FONCIA MANAGEMENT,0,0,0,0,0,0,0,0,0,0,0,59690,59690.00,1,0.53%,0.00%,98.54%,100.00%
CO-COUNSEL TO EACH ISSUER,0,0,0,0,0,0,0,0,0,0,0,97,97.00,1,0.00%,0.00%,98.55%,100.00%
USE OF UNAUDITED PRO FORMA CONDENSED CONSOLIDATED FINANCIAL INFORMATION,0,0,0,0,0,0,0,0,0,0,0,731,731.00,1,0.01%,0.00%,98.55%,100.00%
SERVICE OF PROCESS AND ENFORCEABILITY OF CERTAIN CIVIL LIABILITIES,0,0,0,0,0,0,0,0,0,0,0,378,378.00,1,0.00%,0.00%,98.56%,100.00%
INDEPENDENT REGISTERED PUBLIC ACCOUNTING FIRMS,0,0,0,0,0,0,0,0,0,0,0,131,65.50,2,0.00%,0.00%,98.56%,100.00%
O F F E R I N G  M E M O R A N D U M,0,0,0,0,0,0,0,0,0,0,0,41,41.00,1,0.00%,0.00%,98.56%,100.00%
PRELIMINARY OFFERING MEMORANDUM** **NOT FOR GENERAL DISTRIBUTION STRICTLY CONFIDENTIAL** **IN THE UNITED STATES,0,0,0,0,0,0,0,0,0,0,0,3061,3061.00,1,0.03%,0.00%,98.58%,100.00%
GAAP”);,0,0,0,0,0,0,0,0,0,0,0,609,609.00,1,0.01%,0.00%,98.59%,100.00%
ADJ. EBITDA (€M)[(*)],0,0,0,0,0,0,0,0,0,0,0,134,134.00,1,0.00%,0.00%,98.59%,100.00%
"ONLINE UNIVERSITIES ARE CONSIDERED AS SIMILAR, IF NOT** **MORE FLEXIBILITY, TIME SAVING,AND A PERCEIVED FASTER** **ONLINE UNIVERSITIES SHOW COMPARABLE EMPLOYABILITY TO BETTER, THAN TRADITIONAL ONES FOR QUALITY OF TEACHING** **CAREER PATH ARE KEY ATTRACTION POINTS FOR ONLINE** **MID-SIZED UNIVERSITIES, BEHIND ONLY LARGE-SIZED",0,0,0,0,0,0,0,0,0,0,0,392,392.00,1,0.00%,0.00%,98.59%,100.00%
SUMMARY CORPORATE AND FINANCING STRUCTURE—ON AND IMMEDIATELY FOLLOWING THE ISSUE DATE BUT PRIOR TO THE POST-CLOSING REORGANISATION,0,0,0,0,0,0,0,0,0,0,0,776,776.00,1,0.01%,0.00%,98.60%,100.00%
SELECTED FINANCIAL INFORMATION,0,0,0,0,0,0,0,0,0,0,0,1953,1953.00,1,0.02%,0.00%,98.62%,100.00%
PRESENTATION OF INFORMATION,0,0,0,0,0,0,0,0,0,0,0,1071,1071.00,1,0.01%,0.00%,98.63%,100.00%
"TRADEMARKS, TRADE NAMES AND SERVICE MARKS",0,0,0,0,0,0,0,0,0,0,0,156,156.00,1,0.00%,0.00%,98.63%,100.00%
"THE FOLLOWING DISCUSSION IS FOR INFORMATIONAL PURPOSES ONLY AND IS NOT A SUBSTITUTE FOR CAREFUL TAX PLANNING AND ADVICE. HOLDERS SHOULD CONSULT THEIR TAX ADVISORS WITH RESPECT TO THE APPLICATION OF THE U.S. FEDERAL INCOME TAX LAWS TO THE ACQUISITION, OWNERSHIP AND DISPOSITION OF THE NOTES IN LIGHT OF THEIR PARTICULAR SITUATIONS, AS WELL AS ANY TAX CONSEQUENCES ARISING UNDER OTHER U.S. FEDERAL TAX LAWS OR THE LAWS OF ANY STATE, LOCAL OR NON-UNITED STATES TAXING JURISDICTION OR UNDER ANY APPLICABLE TAX TREATY.",0,0,0,0,0,0,0,0,0,0,0,2162,2162.00,1,0.02%,0.00%,98.65%,100.00%
TRUSTEE** **LEGAL ADVISORS TO THE TRUSTEE,0,0,0,0,0,0,0,0,0,0,0,117,117.00,1,0.00%,0.00%,98.65%,100.00%
"TRADEMARKS, SERVICE MARKS AND COPYRIGHTS",0,0,0,0,0,0,0,0,0,0,0,414,207.00,2,0.00%,0.00%,98.65%,100.00%
USE OF CERTAIN TERMS,0,0,0,0,0,0,0,0,0,0,0,258,258.00,1,0.00%,0.00%,98.66%,100.00%
THIS OFFERING MEMORANDUM CONTAINS IMPORTANT INFORMATION WHICH YOU SHOULD READ BEFORE YOU MAKE ANY DECISION WITH RESPECT TO AN INVESTMENT IN THE ADDITIONAL NOTES.,0,0,0,0,0,0,0,0,0,0,0,2,2.00,1,0.00%,0.00%,98.66%,100.00%
THE REFINANCING,0,0,0,0,0,0,0,0,0,0,0,80,80.00,1,0.00%,0.00%,98.66%,100.00%
EXISTING SENIOR SECURED PLN FACILITIES,0,0,0,0,0,0,0,0,0,0,0,1626,1626.00,1,0.01%,0.00%,98.67%,100.00%
EXISTING SENIOR SECURED GBP FACILITY,0,0,0,0,0,0,0,0,0,0,0,193,193.00,1,0.00%,0.00%,98.67%,100.00%
EXISTING SENIOR SECURED HSBC FACILITY,0,0,0,0,0,0,0,0,0,0,0,108,108.00,1,0.00%,0.00%,98.67%,100.00%
NEW SENIOR SECURED ERSTE BANK FACILITY,0,0,0,0,0,0,0,0,0,0,0,1663,1663.00,1,0.01%,0.00%,98.69%,100.00%
USE OF NON-GAAP FINANCIAL MEASURES,0,0,0,0,0,0,0,0,0,0,0,4409,4409.00,1,0.04%,0.00%,98.73%,100.00%
MARKET AND OTHER DATA,0,0,0,0,0,0,0,0,0,0,0,786,786.00,1,0.01%,0.00%,98.74%,100.00%
GLOSSARY,0,0,0,0,0,0,0,0,0,0,0,5518,5518.00,1,0.05%,0.00%,98.79%,100.00%
UNAUDITED PRO FORMA CONDENSED COMBINED BALANCE SHEET,0,0,0,0,0,0,0,0,0,0,0,633,633.00,1,0.01%,0.00%,98.79%,100.00%
MANAGEMENT’S DISCUSSION AND ANALYSIS OF FINANCIAL CONDITION AND RESULTS OF OPERATIONS OF PARENT,0,0,0,0,0,0,0,0,0,0,0,11802,11802.00,1,0.11%,0.00%,98.90%,100.00%
MANAGEMENT’S DISCUSSION AND ANALYSIS OF FINANCIAL CONDITION AND RESULTS OF OPERATIONS OF DIVERSEY,0,0,0,0,0,0,0,0,0,0,0,34023,34023.00,1,0.30%,0.00%,99.20%,100.00%
DESCRIPTION OF CERTAIN INDEBTEDNESS,0,0,0,0,0,0,0,0,0,0,0,5221,5221.00,1,0.05%,0.00%,99.25%,100.00%
NOTE 4 - ACQUISITIONS,0,0,0,0,0,0,0,0,0,0,0,1037,1037.00,1,0.01%,0.00%,99.26%,100.00%
"NOTE 6 - PROPERTY AND EQUIPMENT, NET",0,0,0,0,0,0,0,0,0,0,0,444,444.00,1,0.00%,0.00%,99.26%,100.00%
NOTE 8 - DEBT AND CREDIT FACILITIES,0,0,0,0,0,0,0,0,0,0,0,1272,1272.00,1,0.01%,0.00%,99.27%,100.00%
NOTE 9 - DERIVATIVES AND HEDGING ACTIVITIES,0,0,0,0,0,0,0,0,0,0,0,2671,2671.00,1,0.02%,0.00%,99.30%,100.00%
NOTE 11 - DEFINED BENEFIT PENSION PLANS AND OTHER POST-EMPLOYMENT BENEFIT PLANS,0,0,0,0,0,0,0,0,0,0,0,80,80.00,1,0.00%,0.00%,99.30%,100.00%
NOTE 12 - INCOME TAXES,0,0,0,0,0,0,0,0,0,0,0,276,276.00,1,0.00%,0.00%,99.30%,100.00%
NOTE 13 - COMMITMENTS AND CONTINGENCIES,0,0,0,0,0,0,0,0,0,0,0,850,850.00,1,0.01%,0.00%,99.31%,100.00%
NOTE 16 - RESTRUCTURING AND EXIT ACTIVITIES,0,0,0,0,0,0,0,0,0,0,0,516,516.00,1,0.00%,0.00%,99.31%,100.00%
NOTE 17 - ACCUMULATED OTHER COMPREHENSIVE LOSS,0,0,0,0,0,0,0,0,0,0,0,134,134.00,1,0.00%,0.00%,99.31%,100.00%
NOTE 18 - SEGMENTS,0,0,0,0,0,0,0,0,0,0,0,1193,1193.00,1,0.01%,0.00%,99.32%,100.00%
NOTE 19 - EARNINGS (LOSS) PER SHARE,0,0,0,0,0,0,0,0,0,0,0,3905,3905.00,1,0.03%,0.00%,99.36%,100.00%
NOTE 1 - GENERAL AND DESCRIPTION OF BUSINESS,0,0,0,0,0,0,0,0,0,0,0,1002,1002.00,1,0.01%,0.00%,99.37%,100.00%
NOTE 2 - BASIS OF PRESENTATION,0,0,0,0,0,0,0,0,0,0,0,5533,5533.00,1,0.05%,0.00%,99.42%,100.00%
NOTE 4 - REVENUE RECOGNITION,0,0,0,0,0,0,0,0,0,0,0,1041,1041.00,1,0.01%,0.00%,99.43%,100.00%
NOTE 5 - ACQUISITIONS,0,0,0,0,0,0,0,0,0,0,0,1342,1342.00,1,0.01%,0.00%,99.44%,100.00%
"NOTE 7 PROPERTY AND EQUIPMENT, NET",0,0,0,0,0,0,0,0,0,0,0,1231,1231.00,1,0.01%,0.00%,99.45%,100.00%
NOTE 10 - DEBT AND CREDIT FACILITIES,0,0,0,0,0,0,0,0,0,0,0,1684,1684.00,1,0.02%,0.00%,99.46%,100.00%
NOTE 11 - DERIVATIVES AND HEDGING ACTIVITIES,0,0,0,0,0,0,0,0,0,0,0,4953,4953.00,1,0.04%,0.00%,99.51%,100.00%
NOTE 14 - INCOME TAXES,0,0,0,0,0,0,0,0,0,0,0,1843,1843.00,1,0.02%,0.00%,99.53%,100.00%
NOTE 15 - COMMITMENTS AND CONTINGENCIES,0,0,0,0,0,0,0,0,0,0,0,753,753.00,1,0.01%,0.00%,99.53%,100.00%
NOTE 17 - SHARE-BASED COMPENSATION,0,0,0,0,0,0,0,0,0,0,0,1348,1348.00,1,0.01%,0.00%,99.54%,100.00%
NOTE 18 - RESTRUCTURING AND EXIT ACTIVITIES,0,0,0,0,0,0,0,0,0,0,0,609,609.00,1,0.01%,0.00%,99.55%,100.00%
NOTE 19 - ACCUMULATED OTHER COMPREHENSIVE LOSS,0,0,0,0,0,0,0,0,0,0,0,254,254.00,1,0.00%,0.00%,99.55%,100.00%
NOTE 20 - SEGMENTS,0,0,0,0,0,0,0,0,0,0,0,1680,1680.00,1,0.02%,0.00%,99.57%,100.00%
NOTE 21 - EARNINGS (LOSS) PER SHARE,0,0,0,0,0,0,0,0,0,0,0,153,153.00,1,0.00%,0.00%,99.57%,100.00%
NOTE 22 - SUBSEQUENT EVENTS,0,0,0,0,0,0,0,0,0,0,0,227,227.00,1,0.00%,0.00%,99.57%,100.00%
DESCRIPTION OF NEW CREDIT FACILITIES AND OTHER INDEBTEDNESS,0,0,0,0,0,0,0,0,0,0,0,2929,2929.00,1,0.03%,0.00%,99.60%,100.00%
"GENERAL DESCRIPTION OF VODAFONEZIGGO’S BUSINESS, THE ISSUER AND THE OFFERING",0,0,0,0,0,0,0,0,0,0,0,14995,14995.00,1,0.13%,0.00%,99.73%,100.00%
SUMMARY FINANCIAL AND OPERATING DATA OF VODAFONEZIGGO,0,0,0,0,0,0,0,0,0,0,0,3999,3999.00,1,0.04%,0.00%,99.77%,100.00%
SUMMARY OF THE NOTES,0,0,0,0,0,0,0,0,0,0,0,71,71.00,1,0.00%,0.00%,99.77%,100.00%
PARTIES:,0,0,0,0,0,0,0,0,0,0,0,717,717.00,1,0.01%,0.00%,99.77%,100.00%
CAPITALIZATION OF THE ISSUER,0,0,0,0,0,0,0,0,0,0,0,414,414.00,1,0.00%,0.00%,99.78%,100.00%
CAPITALIZATION OF VODAFONEZIGGO,0,0,0,0,0,0,0,0,0,0,0,1822,1822.00,1,0.02%,0.00%,99.79%,100.00%
SELECTED CONSOLIDATED FINANCIAL AND OPERATING DATA OF VODAFONEZIGGO,0,0,0,0,0,0,0,0,0,0,0,3322,3322.00,1,0.03%,0.00%,99.82%,100.00%
ANNEX A: NEW VFZ FACILITIES AGREEMENT,0,0,0,0,0,0,0,0,0,0,0,44,44.00,1,0.00%,0.00%,99.82%,100.00%
17.** **CHANGES TO THE LENDER,0,0,0,0,0,0,0,0,0,0,0,2576,2576.00,1,0.02%,0.00%,99.85%,100.00%
20.** **SET-OFF,0,0,0,0,0,0,0,0,0,0,0,904,904.00,1,0.01%,0.00%,99.86%,100.00%
22.** **ADMINISTRATOR,0,0,0,0,0,0,0,0,0,0,0,254,254.00,1,0.00%,0.00%,99.86%,100.00%
24.** **PARTIAL INVALIDITY,0,0,0,0,0,0,0,0,0,0,0,740,740.00,1,0.01%,0.00%,99.86%,100.00%
26.** **REMEDIES AND WAIVERS,0,0,0,0,0,0,0,0,0,0,0,79,79.00,1,0.00%,0.00%,99.87%,100.00%
27.** **AMENDMENTS AND WAIVERS,0,0,0,0,0,0,0,0,0,0,0,21,21.00,1,0.00%,0.00%,99.87%,100.00%
28.** **TERMINATION OF CERTAIN PROVISIONS,0,0,0,0,0,0,0,0,0,0,0,49,49.00,1,0.00%,0.00%,99.87%,100.00%
29.** **COUNTERPARTS,0,0,0,0,0,0,0,0,0,0,0,28,28.00,1,0.00%,0.00%,99.87%,100.00%
30.** **GOVERNING LAW,0,0,0,0,0,0,0,0,0,0,0,529,529.00,1,0.00%,0.00%,99.87%,100.00%
32.** **COMPLETE AGREEMENT,0,0,0,0,0,0,0,0,0,0,0,1107,1107.00,1,0.01%,0.00%,99.88%,100.00%
SCHEDULE 3 FORM OF OBLIGOR ACCESSION AGREEMENT,0,0,0,0,0,0,0,0,0,0,0,167,167.00,1,0.00%,0.00%,99.88%,100.00%
SCHEDULE 4 FORM OF RESIGNATION LETTER,0,0,0,0,0,0,0,0,0,0,0,139,139.00,1,0.00%,0.00%,99.88%,100.00%
SCHEDULE 5 COVENANTS,0,0,0,0,0,0,0,0,0,0,0,152,152.00,1,0.00%,0.00%,99.88%,100.00%
SCHEDULE 6 EVENTS OF DEFAULT,0,0,0,0,0,0,0,0,0,0,0,1635,1635.00,1,0.01%,0.00%,99.90%,100.00%
SCHEDULE 8 FORM OF INCREASE CONFIRMATION,0,0,0,0,0,0,0,0,0,0,0,1540,1540.00,1,0.01%,0.00%,99.91%,100.00%
THE BORROWER VZ FINANCING I B.V.,0,0,0,0,0,0,0,0,0,0,0,7,7.00,1,0.00%,0.00%,99.91%,100.00%
SIGNATORIES,0,0,0,0,0,0,0,0,0,0,0,8,8.00,1,0.00%,0.00%,99.91%,100.00%
THE GUARANTORS VZ FINANCING I B.V.,0,0,0,0,0,0,0,0,0,0,0,15,15.00,1,0.00%,0.00%,99.91%,100.00%
VODAFONEZIGGO GROUP B.V.,0,0,0,0,0,0,0,0,0,0,0,15,15.00,1,0.00%,0.00%,99.91%,100.00%
VZ FINANCING II B.V.,0,0,0,0,0,0,0,0,0,0,0,36,36.00,1,0.00%,0.00%,99.91%,100.00%
"THE ADMINISTRATOR [THE BANK OF NEW YORK MELLON, LONDON BRANCH]",0,0,0,0,0,0,0,0,0,0,0,31,31.00,1,0.00%,0.00%,99.91%,100.00%
LEGAL ADVISORS TO THE ISSUER AND VODAFONEZIGGO,0,0,0,0,0,0,0,0,0,0,0,33,33.00,1,0.00%,0.00%,99.91%,100.00%
NOTES TRUSTEE AND SECURITY TRUSTEE** **LISTING AGENT,0,0,0,0,0,0,0,0,0,0,0,72,72.00,1,0.00%,0.00%,99.92%,100.00%
CORPORATE STRUCTURE,0,0,0,0,0,0,0,0,0,0,0,286,286.00,1,0.00%,0.00%,99.92%,100.00%
REFINANCING TRANSACTIONS,0,0,0,0,0,0,0,0,0,0,0,213,213.00,1,0.00%,0.00%,99.92%,100.00%
MATERIAL NETHERLANDS TAX CONSEQUENCES,0,0,0,0,0,0,0,0,0,0,0,2110,2110.00,1,0.02%,0.00%,99.94%,100.00%
DESCRIPTION OF THE TEMPORARY NOTES,0,0,0,0,0,0,0,0,0,0,0,3371,3371.00,1,0.03%,0.00%,99.97%,100.00%
INDEPENDENT AUDITORS OF ISSUER KPMG AB,0,0,0,0,0,0,0,0,0,0,0,59,59.00,1,0.00%,0.00%,99.97%,100.00%
GLOSSARY OF SELECTED TERMS,0,0,0,0,0,0,0,0,0,0,0,90,90.00,1,0.00%,0.00%,99.97%,100.00%
INDEPENDENT AUDITORS KPMG LLP,0,0,0,0,0,0,0,0,0,0,0,76,76.00,1,0.00%,0.00%,99.97%,100.00%
PROSPECTUS SUPPLEMENT,0,0,0,0,0,0,0,0,0,0,0,293,293.00,1,0.00%,0.00%,99.97%,100.00%
EXPERTS,0,0,0,0,0,0,0,0,0,0,0,178,178.00,1,0.00%,0.00%,99.97%,100.00%
DESCRIPTION OF WARRANTS,0,0,0,0,0,0,0,0,0,0,0,1315,1315.00,1,0.01%,0.00%,99.99%,100.00%
DESCRIPTION OF UNITS,0,0,0,0,0,0,0,0,0,0,0,207,207.00,1,0.00%,0.00%,99.99%,100.00%
"MARKETS, RANKING AND OTHER DATA",0,0,0,0,0,0,0,0,0,0,0,533,533.00,1,0.00%,0.00%,99.99%,100.00%
SPECIAL NOTE REGARDING NON-GAAP FINANCIAL MEASURES,0,0,0,0,0,0,0,0,0,0,0,715,715.00,1,0.01%,0.00%,100.00%,100.00%
"OFFERING MEMORANDUM , 2022",0,0,0,0,0,0,0,0,0,0,0,41,41.00,1,0.00%,0.00%,100.00%,100.00%
"THE PRECEDING DISCUSSION OF CERTAIN UNITED STATES FEDERAL INCOME TAX CONSIDERATIONS IS FOR GENERAL INFORMATION ONLY AND IS NOT TAX ADVICE. YOU SHOULD CONSULT YOUR OWN TAX ADVISOR REGARDING THE PARTICULAR U.S. FEDERAL, STATE, LOCAL AND FOREIGN TAX CONSEQUENCES OF ACQUIRING, OWNING AND DISPOSING",0,0,0,0,0,0,0,0,0,0,0,1,1.00,1,0.00%,0.00%,100.00%,100.00%
"OF OUR NOTES, INCLUDING THE CONSEQUENCES OF ANY PROPOSED CHANGE IN APPLICABLE LAWS.",0,0,0,0,0,0,0,0,0,0,0,1,1.00,1,0.00%,0.00%,100.00%,100.00%
